lot_id,hour_of_day,day_of_week,occupancy_pct,color
a1b2c3d4-e5f6-4a5b-8c9d-0e1f2a3b4c5d,0,0,0.3192,green
a1b2c3d4-e5f6-4a5b-8c9d-0e1f2a3b4c5d,1,0,0.3391,green
a1b2c3d4-e5f6-4a5b-8c9d-0e1f2a3b4c5d,2,0,0.3756,green
a1b2c3d4-e5f6-4a5b-8c9d-0e1f2a3b4c5d,3,0,0.4649,green
a1b2c3d4-e5f6-4a5b-8c9d-0e1f2a3b4c5d,4,0,0.4884,green
a1b2c3d4-e5f6-4a5b-8c9d-0e1f2a3b4c5d,5,0,0.4998,green
a1b2c3d4-e5f6-4a5b-8c9d-0e1f2a3b4c5d,6,0,0.6805,yellow
a1b2c3d4-e5f6-4a5b-8c9d-0e1f2a3b4c5d,7,0,0.7395,yellow
a1b2c3d4-e5f6-4a5b-8c9d-0e1f2a3b4c5d,8,0,0.8187,yellow
a1b2c3d4-e5f6-4a5b-8c9d-0e1f2a3b4c5d,9,0,0.8873,red
a1b2c3d4-e5f6-4a5b-8c9d-0e1f2a3b4c5d,10,0,0.9116,red
a1b2c3d4-e5f6-4a5b-8c9d-0e1f2a3b4c5d,11,0,0.9397,red
a1b2c3d4-e5f6-4a5b-8c9d-0e1f2a3b4c5d,12,0,0.8623,red
a1b2c3d4-e5f6-4a5b-8c9d-0e1f2a3b4c5d,13,0,0.7584,yellow
a1b2c3d4-e5f6-4a5b-8c9d-0e1f2a3b4c5d,14,0,0.627,yellow
a1b2c3d4-e5f6-4a5b-8c9d-0e1f2a3b4c5d,15,0,0.524,green
a1b2c3d4-e5f6-4a5b-8c9d-0e1f2a3b4c5d,16,0,0.5071,green
a1b2c3d4-e5f6-4a5b-8c9d-0e1f2a3b4c5d,17,0,0.4953,green
a1b2c3d4-e5f6-4a5b-8c9d-0e1f2a3b4c5d,18,0,0.3833,green
a1b2c3d4-e5f6-4a5b-8c9d-0e1f2a3b4c5d,19,0,0.3424,green
a1b2c3d4-e5f6-4a5b-8c9d-0e1f2a3b4c5d,20,0,0.353,green
a1b2c3d4-e5f6-4a5b-8c9d-0e1f2a3b4c5d,21,0,0.241,green
a1b2c3d4-e5f6-4a5b-8c9d-0e1f2a3b4c5d,22,0,0.2911,green
a1b2c3d4-e5f6-4a5b-8c9d-0e1f2a3b4c5d,23,0,0.3276,green
a1b2c3d4-e5f6-4a5b-8c9d-0e1f2a3b4c5d,0,1,0.37,green
a1b2c3d4-e5f6-4a5b-8c9d-0e1f2a3b4c5d,1,1,0.3357,green
a1b2c3d4-e5f6-4a5b-8c9d-0e1f2a3b4c5d,2,1,0.4,green
a1b2c3d4-e5f6-4a5b-8c9d-0e1f2a3b4c5d,3,1,0.4422,green
a1b2c3d4-e5f6-4a5b-8c9d-0e1f2a3b4c5d,4,1,0.5339,green
a1b2c3d4-e5f6-4a5b-8c9d-0e1f2a3b4c5d,5,1,0.519,green
a1b2c3d4-e5f6-4a5b-8c9d-0e1f2a3b4c5d,6,1,0.6923,yellow
a1b2c3d4-e5f6-4a5b-8c9d-0e1f2a3b4c5d,7,1,0.6772,yellow
a1b2c3d4-e5f6-4a5b-8c9d-0e1f2a3b4c5d,8,1,0.6985,yellow
a1b2c3d4-e5f6-4a5b-8c9d-0e1f2a3b4c5d,9,1,0.8512,red
a1b2c3d4-e5f6-4a5b-8c9d-0e1f2a3b4c5d,10,1,0.8542,red
a1b2c3d4-e5f6-4a5b-8c9d-0e1f2a3b4c5d,11,1,0.9253,red
a1b2c3d4-e5f6-4a5b-8c9d-0e1f2a3b4c5d,12,1,0.8627,red
a1b2c3d4-e5f6-4a5b-8c9d-0e1f2a3b4c5d,13,1,0.692,yellow
a1b2c3d4-e5f6-4a5b-8c9d-0e1f2a3b4c5d,14,1,0.7063,yellow
a1b2c3d4-e5f6-4a5b-8c9d-0e1f2a3b4c5d,15,1,0.5246,green
a1b2c3d4-e5f6-4a5b-8c9d-0e1f2a3b4c5d,16,1,0.4905,green
a1b2c3d4-e5f6-4a5b-8c9d-0e1f2a3b4c5d,17,1,0.4151,green
a1b2c3d4-e5f6-4a5b-8c9d-0e1f2a3b4c5d,18,1,0.3869,green
a1b2c3d4-e5f6-4a5b-8c9d-0e1f2a3b4c5d,19,1,0.3887,green
a1b2c3d4-e5f6-4a5b-8c9d-0e1f2a3b4c5d,20,1,0.3583,green
a1b2c3d4-e5f6-4a5b-8c9d-0e1f2a3b4c5d,21,1,0.3312,green
a1b2c3d4-e5f6-4a5b-8c9d-0e1f2a3b4c5d,22,1,0.3392,green
a1b2c3d4-e5f6-4a5b-8c9d-0e1f2a3b4c5d,23,1,0.327,green
a1b2c3d4-e5f6-4a5b-8c9d-0e1f2a3b4c5d,0,2,0.295,green
a1b2c3d4-e5f6-4a5b-8c9d-0e1f2a3b4c5d,1,2,0.3119,green
a1b2c3d4-e5f6-4a5b-8c9d-0e1f2a3b4c5d,2,2,0.3577,green
a1b2c3d4-e5f6-4a5b-8c9d-0e1f2a3b4c5d,3,2,0.4547,green
a1b2c3d4-e5f6-4a5b-8c9d-0e1f2a3b4c5d,4,2,0.4823,green
a1b2c3d4-e5f6-4a5b-8c9d-0e1f2a3b4c5d,5,2,0.6915,yellow
a1b2c3d4-e5f6-4a5b-8c9d-0e1f2a3b4c5d,6,2,0.623,yellow
a1b2c3d4-e5f6-4a5b-8c9d-0e1f2a3b4c5d,7,2,0.698,yellow
a1b2c3d4-e5f6-4a5b-8c9d-0e1f2a3b4c5d,8,2,0.8679,red
a1b2c3d4-e5f6-4a5b-8c9d-0e1f2a3b4c5d,9,2,0.9526,red
a1b2c3d4-e5f6-4a5b-8c9d-0e1f2a3b4c5d,10,2,0.9253,red
a1b2c3d4-e5f6-4a5b-8c9d-0e1f2a3b4c5d,11,2,0.9233,red
a1b2c3d4-e5f6-4a5b-8c9d-0e1f2a3b4c5d,12,2,0.9008,red
a1b2c3d4-e5f6-4a5b-8c9d-0e1f2a3b4c5d,13,2,0.7482,yellow
a1b2c3d4-e5f6-4a5b-8c9d-0e1f2a3b4c5d,14,2,0.5928,green
a1b2c3d4-e5f6-4a5b-8c9d-0e1f2a3b4c5d,15,2,0.5481,green
a1b2c3d4-e5f6-4a5b-8c9d-0e1f2a3b4c5d,16,2,0.5424,green
a1b2c3d4-e5f6-4a5b-8c9d-0e1f2a3b4c5d,17,2,0.3576,green
a1b2c3d4-e5f6-4a5b-8c9d-0e1f2a3b4c5d,18,2,0.3829,green
a1b2c3d4-e5f6-4a5b-8c9d-0e1f2a3b4c5d,19,2,0.3604,green
a1b2c3d4-e5f6-4a5b-8c9d-0e1f2a3b4c5d,20,2,0.3106,green
a1b2c3d4-e5f6-4a5b-8c9d-0e1f2a3b4c5d,21,2,0.3499,green
a1b2c3d4-e5f6-4a5b-8c9d-0e1f2a3b4c5d,22,2,0.3357,green
a1b2c3d4-e5f6-4a5b-8c9d-0e1f2a3b4c5d,23,2,0.4191,green
a1b2c3d4-e5f6-4a5b-8c9d-0e1f2a3b4c5d,0,3,0.3574,green
a1b2c3d4-e5f6-4a5b-8c9d-0e1f2a3b4c5d,1,3,0.3173,green
a1b2c3d4-e5f6-4a5b-8c9d-0e1f2a3b4c5d,2,3,0.3531,green
a1b2c3d4-e5f6-4a5b-8c9d-0e1f2a3b4c5d,3,3,0.3882,green
a1b2c3d4-e5f6-4a5b-8c9d-0e1f2a3b4c5d,4,3,0.5424,green
a1b2c3d4-e5f6-4a5b-8c9d-0e1f2a3b4c5d,5,3,0.5464,green
a1b2c3d4-e5f6-4a5b-8c9d-0e1f2a3b4c5d,6,3,0.6604,yellow
a1b2c3d4-e5f6-4a5b-8c9d-0e1f2a3b4c5d,7,3,0.7904,yellow
a1b2c3d4-e5f6-4a5b-8c9d-0e1f2a3b4c5d,8,3,0.7933,yellow
a1b2c3d4-e5f6-4a5b-8c9d-0e1f2a3b4c5d,9,3,0.8669,red
a1b2c3d4-e5f6-4a5b-8c9d-0e1f2a3b4c5d,10,3,0.8079,yellow
a1b2c3d4-e5f6-4a5b-8c9d-0e1f2a3b4c5d,11,3,0.8274,yellow
a1b2c3d4-e5f6-4a5b-8c9d-0e1f2a3b4c5d,12,3,0.8011,yellow
a1b2c3d4-e5f6-4a5b-8c9d-0e1f2a3b4c5d,13,3,0.7737,yellow
a1b2c3d4-e5f6-4a5b-8c9d-0e1f2a3b4c5d,14,3,0.7236,yellow
a1b2c3d4-e5f6-4a5b-8c9d-0e1f2a3b4c5d,15,3,0.5738,green
a1b2c3d4-e5f6-4a5b-8c9d-0e1f2a3b4c5d,16,3,0.5079,green
a1b2c3d4-e5f6-4a5b-8c9d-0e1f2a3b4c5d,17,3,0.4382,green
a1b2c3d4-e5f6-4a5b-8c9d-0e1f2a3b4c5d,18,3,0.4354,green
a1b2c3d4-e5f6-4a5b-8c9d-0e1f2a3b4c5d,19,3,0.3924,green
a1b2c3d4-e5f6-4a5b-8c9d-0e1f2a3b4c5d,20,3,0.34,green
a1b2c3d4-e5f6-4a5b-8c9d-0e1f2a3b4c5d,21,3,0.2631,green
a1b2c3d4-e5f6-4a5b-8c9d-0e1f2a3b4c5d,22,3,0.3518,green
a1b2c3d4-e5f6-4a5b-8c9d-0e1f2a3b4c5d,23,3,0.3221,green
a1b2c3d4-e5f6-4a5b-8c9d-0e1f2a3b4c5d,0,4,0.3877,green
a1b2c3d4-e5f6-4a5b-8c9d-0e1f2a3b4c5d,1,4,0.3462,green
a1b2c3d4-e5f6-4a5b-8c9d-0e1f2a3b4c5d,2,4,0.4789,green
a1b2c3d4-e5f6-4a5b-8c9d-0e1f2a3b4c5d,3,4,0.4118,green
a1b2c3d4-e5f6-4a5b-8c9d-0e1f2a3b4c5d,4,4,0.5744,green
a1b2c3d4-e5f6-4a5b-8c9d-0e1f2a3b4c5d,5,4,0.5805,green
a1b2c3d4-e5f6-4a5b-8c9d-0e1f2a3b4c5d,6,4,0.6381,yellow
a1b2c3d4-e5f6-4a5b-8c9d-0e1f2a3b4c5d,7,4,0.6965,yellow
a1b2c3d4-e5f6-4a5b-8c9d-0e1f2a3b4c5d,8,4,0.8219,yellow
a1b2c3d4-e5f6-4a5b-8c9d-0e1f2a3b4c5d,9,4,0.9527,red
a1b2c3d4-e5f6-4a5b-8c9d-0e1f2a3b4c5d,10,4,0.9408,red
a1b2c3d4-e5f6-4a5b-8c9d-0e1f2a3b4c5d,11,4,0.916,red
a1b2c3d4-e5f6-4a5b-8c9d-0e1f2a3b4c5d,12,4,0.7107,yellow
a1b2c3d4-e5f6-4a5b-8c9d-0e1f2a3b4c5d,13,4,0.7885,yellow
a1b2c3d4-e5f6-4a5b-8c9d-0e1f2a3b4c5d,14,4,0.6917,yellow
a1b2c3d4-e5f6-4a5b-8c9d-0e1f2a3b4c5d,15,4,0.5472,green
a1b2c3d4-e5f6-4a5b-8c9d-0e1f2a3b4c5d,16,4,0.4634,green
a1b2c3d4-e5f6-4a5b-8c9d-0e1f2a3b4c5d,17,4,0.4296,green
a1b2c3d4-e5f6-4a5b-8c9d-0e1f2a3b4c5d,18,4,0.4674,green
a1b2c3d4-e5f6-4a5b-8c9d-0e1f2a3b4c5d,19,4,0.295,green
a1b2c3d4-e5f6-4a5b-8c9d-0e1f2a3b4c5d,20,4,0.305,green
a1b2c3d4-e5f6-4a5b-8c9d-0e1f2a3b4c5d,21,4,0.3818,green
a1b2c3d4-e5f6-4a5b-8c9d-0e1f2a3b4c5d,22,4,0.2844,green
a1b2c3d4-e5f6-4a5b-8c9d-0e1f2a3b4c5d,23,4,0.2848,green
a1b2c3d4-e5f6-4a5b-8c9d-0e1f2a3b4c5d,0,5,0.1354,green
a1b2c3d4-e5f6-4a5b-8c9d-0e1f2a3b4c5d,1,5,0.077,green
a1b2c3d4-e5f6-4a5b-8c9d-0e1f2a3b4c5d,2,5,0.1635,green
a1b2c3d4-e5f6-4a5b-8c9d-0e1f2a3b4c5d,3,5,0.1114,green
a1b2c3d4-e5f6-4a5b-8c9d-0e1f2a3b4c5d,4,5,0.2422,green
a1b2c3d4-e5f6-4a5b-8c9d-0e1f2a3b4c5d,5,5,0.23,green
a1b2c3d4-e5f6-4a5b-8c9d-0e1f2a3b4c5d,6,5,0.3797,green
a1b2c3d4-e5f6-4a5b-8c9d-0e1f2a3b4c5d,7,5,0.3152,green
a1b2c3d4-e5f6-4a5b-8c9d-0e1f2a3b4c5d,8,5,0.4001,green
a1b2c3d4-e5f6-4a5b-8c9d-0e1f2a3b4c5d,9,5,0.2875,green
a1b2c3d4-e5f6-4a5b-8c9d-0e1f2a3b4c5d,10,5,0.3539,green
a1b2c3d4-e5f6-4a5b-8c9d-0e1f2a3b4c5d,11,5,0.3688,green
a1b2c3d4-e5f6-4a5b-8c9d-0e1f2a3b4c5d,12,5,0.4191,green
a1b2c3d4-e5f6-4a5b-8c9d-0e1f2a3b4c5d,13,5,0.2171,green
a1b2c3d4-e5f6-4a5b-8c9d-0e1f2a3b4c5d,14,5,0.3151,green
a1b2c3d4-e5f6-4a5b-8c9d-0e1f2a3b4c5d,15,5,0.2594,green
a1b2c3d4-e5f6-4a5b-8c9d-0e1f2a3b4c5d,16,5,0.2746,green
a1b2c3d4-e5f6-4a5b-8c9d-0e1f2a3b4c5d,17,5,0.2075,green
a1b2c3d4-e5f6-4a5b-8c9d-0e1f2a3b4c5d,18,5,0.1551,green
a1b2c3d4-e5f6-4a5b-8c9d-0e1f2a3b4c5d,19,5,0.113,green
a1b2c3d4-e5f6-4a5b-8c9d-0e1f2a3b4c5d,20,5,0.0681,green
a1b2c3d4-e5f6-4a5b-8c9d-0e1f2a3b4c5d,21,5,0.1352,green
a1b2c3d4-e5f6-4a5b-8c9d-0e1f2a3b4c5d,22,5,0.1131,green
a1b2c3d4-e5f6-4a5b-8c9d-0e1f2a3b4c5d,23,5,0.2222,green
a1b2c3d4-e5f6-4a5b-8c9d-0e1f2a3b4c5d,0,6,0.1,green
a1b2c3d4-e5f6-4a5b-8c9d-0e1f2a3b4c5d,1,6,0.1551,green
a1b2c3d4-e5f6-4a5b-8c9d-0e1f2a3b4c5d,2,6,0.074,green
a1b2c3d4-e5f6-4a5b-8c9d-0e1f2a3b4c5d,3,6,0.1521,green
a1b2c3d4-e5f6-4a5b-8c9d-0e1f2a3b4c5d,4,6,0.211,green
a1b2c3d4-e5f6-4a5b-8c9d-0e1f2a3b4c5d,5,6,0.2711,green
a1b2c3d4-e5f6-4a5b-8c9d-0e1f2a3b4c5d,6,6,0.338,green
a1b2c3d4-e5f6-4a5b-8c9d-0e1f2a3b4c5d,7,6,0.299,green
a1b2c3d4-e5f6-4a5b-8c9d-0e1f2a3b4c5d,8,6,0.2759,green
a1b2c3d4-e5f6-4a5b-8c9d-0e1f2a3b4c5d,9,6,0.3755,green
a1b2c3d4-e5f6-4a5b-8c9d-0e1f2a3b4c5d,10,6,0.3858,green
a1b2c3d4-e5f6-4a5b-8c9d-0e1f2a3b4c5d,11,6,0.3772,green
a1b2c3d4-e5f6-4a5b-8c9d-0e1f2a3b4c5d,12,6,0.2968,green
a1b2c3d4-e5f6-4a5b-8c9d-0e1f2a3b4c5d,13,6,0.3578,green
a1b2c3d4-e5f6-4a5b-8c9d-0e1f2a3b4c5d,14,6,0.27,green
a1b2c3d4-e5f6-4a5b-8c9d-0e1f2a3b4c5d,15,6,0.2649,green
a1b2c3d4-e5f6-4a5b-8c9d-0e1f2a3b4c5d,16,6,0.2616,green
a1b2c3d4-e5f6-4a5b-8c9d-0e1f2a3b4c5d,17,6,0.2024,green
a1b2c3d4-e5f6-4a5b-8c9d-0e1f2a3b4c5d,18,6,0.1668,green
a1b2c3d4-e5f6-4a5b-8c9d-0e1f2a3b4c5d,19,6,0.2467,green
a1b2c3d4-e5f6-4a5b-8c9d-0e1f2a3b4c5d,20,6,0.1427,green
a1b2c3d4-e5f6-4a5b-8c9d-0e1f2a3b4c5d,21,6,0.1107,green
a1b2c3d4-e5f6-4a5b-8c9d-0e1f2a3b4c5d,22,6,0.1283,green
a1b2c3d4-e5f6-4a5b-8c9d-0e1f2a3b4c5d,23,6,0.1954,green
b2c3d4e5-f6a7-5b6c-9d0e-1f2a3b4c5d6e,0,0,0.3323,green
b2c3d4e5-f6a7-5b6c-9d0e-1f2a3b4c5d6e,1,0,0.3737,green
b2c3d4e5-f6a7-5b6c-9d0e-1f2a3b4c5d6e,2,0,0.441,green
b2c3d4e5-f6a7-5b6c-9d0e-1f2a3b4c5d6e,3,0,0.4041,green
b2c3d4e5-f6a7-5b6c-9d0e-1f2a3b4c5d6e,4,0,0.4085,green
b2c3d4e5-f6a7-5b6c-9d0e-1f2a3b4c5d6e,5,0,0.5897,green
b2c3d4e5-f6a7-5b6c-9d0e-1f2a3b4c5d6e,6,0,0.6754,yellow
b2c3d4e5-f6a7-5b6c-9d0e-1f2a3b4c5d6e,7,0,0.7225,yellow
b2c3d4e5-f6a7-5b6c-9d0e-1f2a3b4c5d6e,8,0,0.8731,red
b2c3d4e5-f6a7-5b6c-9d0e-1f2a3b4c5d6e,9,0,0.9119,red
b2c3d4e5-f6a7-5b6c-9d0e-1f2a3b4c5d6e,10,0,0.8503,red
b2c3d4e5-f6a7-5b6c-9d0e-1f2a3b4c5d6e,11,0,0.9075,red
b2c3d4e5-f6a7-5b6c-9d0e-1f2a3b4c5d6e,12,0,0.8197,yellow
b2c3d4e5-f6a7-5b6c-9d0e-1f2a3b4c5d6e,13,0,0.6788,yellow
b2c3d4e5-f6a7-5b6c-9d0e-1f2a3b4c5d6e,14,0,0.6866,yellow
b2c3d4e5-f6a7-5b6c-9d0e-1f2a3b4c5d6e,15,0,0.5724,green
b2c3d4e5-f6a7-5b6c-9d0e-1f2a3b4c5d6e,16,0,0.4575,green
b2c3d4e5-f6a7-5b6c-9d0e-1f2a3b4c5d6e,17,0,0.4559,green
b2c3d4e5-f6a7-5b6c-9d0e-1f2a3b4c5d6e,18,0,0.4056,green
b2c3d4e5-f6a7-5b6c-9d0e-1f2a3b4c5d6e,19,0,0.3189,green
b2c3d4e5-f6a7-5b6c-9d0e-1f2a3b4c5d6e,20,0,0.3464,green
b2c3d4e5-f6a7-5b6c-9d0e-1f2a3b4c5d6e,21,0,0.3644,green
b2c3d4e5-f6a7-5b6c-9d0e-1f2a3b4c5d6e,22,0,0.271,green
b2c3d4e5-f6a7-5b6c-9d0e-1f2a3b4c5d6e,23,0,0.3221,green
b2c3d4e5-f6a7-5b6c-9d0e-1f2a3b4c5d6e,0,1,0.3265,green
b2c3d4e5-f6a7-5b6c-9d0e-1f2a3b4c5d6e,1,1,0.461,green
b2c3d4e5-f6a7-5b6c-9d0e-1f2a3b4c5d6e,2,1,0.2881,green
b2c3d4e5-f6a7-5b6c-9d0e-1f2a3b4c5d6e,3,1,0.4645,green
b2c3d4e5-f6a7-5b6c-9d0e-1f2a3b4c5d6e,4,1,0.4795,green
b2c3d4e5-f6a7-5b6c-9d0e-1f2a3b4c5d6e,5,1,0.5697,green
b2c3d4e5-f6a7-5b6c-9d0e-1f2a3b4c5d6e,6,1,0.759,yellow
b2c3d4e5-f6a7-5b6c-9d0e-1f2a3b4c5d6e,7,1,0.7525,yellow
b2c3d4e5-f6a7-5b6c-9d0e-1f2a3b4c5d6e,8,1,0.9415,red
b2c3d4e5-f6a7-5b6c-9d0e-1f2a3b4c5d6e,9,1,0.8594,red
b2c3d4e5-f6a7-5b6c-9d0e-1f2a3b4c5d6e,10,1,0.9175,red
b2c3d4e5-f6a7-5b6c-9d0e-1f2a3b4c5d6e,11,1,0.857,red
b2c3d4e5-f6a7-5b6c-9d0e-1f2a3b4c5d6e,12,1,0.795,yellow
b2c3d4e5-f6a7-5b6c-9d0e-1f2a3b4c5d6e,13,1,0.756,yellow
b2c3d4e5-f6a7-5b6c-9d0e-1f2a3b4c5d6e,14,1,0.6498,yellow
b2c3d4e5-f6a7-5b6c-9d0e-1f2a3b4c5d6e,15,1,0.5848,green
b2c3d4e5-f6a7-5b6c-9d0e-1f2a3b4c5d6e,16,1,0.3895,green
b2c3d4e5-f6a7-5b6c-9d0e-1f2a3b4c5d6e,17,1,0.5299,green
b2c3d4e5-f6a7-5b6c-9d0e-1f2a3b4c5d6e,18,1,0.3729,green
b2c3d4e5-f6a7-5b6c-9d0e-1f2a3b4c5d6e,19,1,0.4349,green
b2c3d4e5-f6a7-5b6c-9d0e-1f2a3b4c5d6e,20,1,0.276,green
b2c3d4e5-f6a7-5b6c-9d0e-1f2a3b4c5d6e,21,1,0.3283,green
b2c3d4e5-f6a7-5b6c-9d0e-1f2a3b4c5d6e,22,1,0.4649,green
b2c3d4e5-f6a7-5b6c-9d0e-1f2a3b4c5d6e,23,1,0.2596,green
b2c3d4e5-f6a7-5b6c-9d0e-1f2a3b4c5d6e,0,2,0.2516,green
b2c3d4e5-f6a7-5b6c-9d0e-1f2a3b4c5d6e,1,2,0.3204,green
b2c3d4e5-f6a7-5b6c-9d0e-1f2a3b4c5d6e,2,2,0.4048,green
b2c3d4e5-f6a7-5b6c-9d0e-1f2a3b4c5d6e,3,2,0.4644,green
b2c3d4e5-f6a7-5b6c-9d0e-1f2a3b4c5d6e,4,2,0.5593,green
b2c3d4e5-f6a7-5b6c-9d0e-1f2a3b4c5d6e,5,2,0.5618,green
b2c3d4e5-f6a7-5b6c-9d0e-1f2a3b4c5d6e,6,2,0.5838,green
b2c3d4e5-f6a7-5b6c-9d0e-1f2a3b4c5d6e,7,2,0.7312,yellow
b2c3d4e5-f6a7-5b6c-9d0e-1f2a3b4c5d6e,8,2,0.8915,red
b2c3d4e5-f6a7-5b6c-9d0e-1f2a3b4c5d6e,9,2,0.9048,red
b2c3d4e5-f6a7-5b6c-9d0e-1f2a3b4c5d6e,10,2,0.8022,yellow
b2c3d4e5-f6a7-5b6c-9d0e-1f2a3b4c5d6e,11,2,0.8798,red
b2c3d4e5-f6a7-5b6c-9d0e-1f2a3b4c5d6e,12,2,0.8994,red
b2c3d4e5-f6a7-5b6c-9d0e-1f2a3b4c5d6e,13,2,0.8592,red
b2c3d4e5-f6a7-5b6c-9d0e-1f2a3b4c5d6e,14,2,0.692,yellow
b2c3d4e5-f6a7-5b6c-9d0e-1f2a3b4c5d6e,15,2,0.5902,green
b2c3d4e5-f6a7-5b6c-9d0e-1f2a3b4c5d6e,16,2,0.4328,green
b2c3d4e5-f6a7-5b6c-9d0e-1f2a3b4c5d6e,17,2,0.3876,green
b2c3d4e5-f6a7-5b6c-9d0e-1f2a3b4c5d6e,18,2,0.3835,green
b2c3d4e5-f6a7-5b6c-9d0e-1f2a3b4c5d6e,19,2,0.3729,green
b2c3d4e5-f6a7-5b6c-9d0e-1f2a3b4c5d6e,20,2,0.3554,green
b2c3d4e5-f6a7-5b6c-9d0e-1f2a3b4c5d6e,21,2,0.2898,green
b2c3d4e5-f6a7-5b6c-9d0e-1f2a3b4c5d6e,22,2,0.2491,green
b2c3d4e5-f6a7-5b6c-9d0e-1f2a3b4c5d6e,23,2,0.2642,green
b2c3d4e5-f6a7-5b6c-9d0e-1f2a3b4c5d6e,0,3,0.2685,green
b2c3d4e5-f6a7-5b6c-9d0e-1f2a3b4c5d6e,1,3,0.3799,green
b2c3d4e5-f6a7-5b6c-9d0e-1f2a3b4c5d6e,2,3,0.2656,green
b2c3d4e5-f6a7-5b6c-9d0e-1f2a3b4c5d6e,3,3,0.4131,green
b2c3d4e5-f6a7-5b6c-9d0e-1f2a3b4c5d6e,4,3,0.5173,green
b2c3d4e5-f6a7-5b6c-9d0e-1f2a3b4c5d6e,5,3,0.6508,yellow
b2c3d4e5-f6a7-5b6c-9d0e-1f2a3b4c5d6e,6,3,0.6675,yellow
b2c3d4e5-f6a7-5b6c-9d0e-1f2a3b4c5d6e,7,3,0.803,yellow
b2c3d4e5-f6a7-5b6c-9d0e-1f2a3b4c5d6e,8,3,0.8095,yellow
b2c3d4e5-f6a7-5b6c-9d0e-1f2a3b4c5d6e,9,3,0.8443,yellow
b2c3d4e5-f6a7-5b6c-9d0e-1f2a3b4c5d6e,10,3,0.8663,red
b2c3d4e5-f6a7-5b6c-9d0e-1f2a3b4c5d6e,11,3,0.9579,red
b2c3d4e5-f6a7-5b6c-9d0e-1f2a3b4c5d6e,12,3,0.8792,red
b2c3d4e5-f6a7-5b6c-9d0e-1f2a3b4c5d6e,13,3,0.7773,yellow
b2c3d4e5-f6a7-5b6c-9d0e-1f2a3b4c5d6e,14,3,0.8304,yellow
b2c3d4e5-f6a7-5b6c-9d0e-1f2a3b4c5d6e,15,3,0.5731,green
b2c3d4e5-f6a7-5b6c-9d0e-1f2a3b4c5d6e,16,3,0.5258,green
b2c3d4e5-f6a7-5b6c-9d0e-1f2a3b4c5d6e,17,3,0.4451,green
b2c3d4e5-f6a7-5b6c-9d0e-1f2a3b4c5d6e,18,3,0.3701,green
b2c3d4e5-f6a7-5b6c-9d0e-1f2a3b4c5d6e,19,3,0.4635,green
b2c3d4e5-f6a7-5b6c-9d0e-1f2a3b4c5d6e,20,3,0.4017,green
b2c3d4e5-f6a7-5b6c-9d0e-1f2a3b4c5d6e,21,3,0.2437,green
b2c3d4e5-f6a7-5b6c-9d0e-1f2a3b4c5d6e,22,3,0.2867,green
b2c3d4e5-f6a7-5b6c-9d0e-1f2a3b4c5d6e,23,3,0.3245,green
b2c3d4e5-f6a7-5b6c-9d0e-1f2a3b4c5d6e,0,4,0.3655,green
b2c3d4e5-f6a7-5b6c-9d0e-1f2a3b4c5d6e,1,4,0.2803,green
b2c3d4e5-f6a7-5b6c-9d0e-1f2a3b4c5d6e,2,4,0.2684,green
b2c3d4e5-f6a7-5b6c-9d0e-1f2a3b4c5d6e,3,4,0.3344,green
b2c3d4e5-f6a7-5b6c-9d0e-1f2a3b4c5d6e,4,4,0.4912,green
b2c3d4e5-f6a7-5b6c-9d0e-1f2a3b4c5d6e,5,4,0.5695,green
b2c3d4e5-f6a7-5b6c-9d0e-1f2a3b4c5d6e,6,4,0.6812,yellow
b2c3d4e5-f6a7-5b6c-9d0e-1f2a3b4c5d6e,7,4,0.7144,yellow
b2c3d4e5-f6a7-5b6c-9d0e-1f2a3b4c5d6e,8,4,0.7683,yellow
b2c3d4e5-f6a7-5b6c-9d0e-1f2a3b4c5d6e,9,4,0.7804,yellow
b2c3d4e5-f6a7-5b6c-9d0e-1f2a3b4c5d6e,10,4,0.9165,red
b2c3d4e5-f6a7-5b6c-9d0e-1f2a3b4c5d6e,11,4,0.9,red
b2c3d4e5-f6a7-5b6c-9d0e-1f2a3b4c5d6e,12,4,0.8791,red
b2c3d4e5-f6a7-5b6c-9d0e-1f2a3b4c5d6e,13,4,0.7924,yellow
b2c3d4e5-f6a7-5b6c-9d0e-1f2a3b4c5d6e,14,4,0.6544,yellow
b2c3d4e5-f6a7-5b6c-9d0e-1f2a3b4c5d6e,15,4,0.6422,yellow
b2c3d4e5-f6a7-5b6c-9d0e-1f2a3b4c5d6e,16,4,0.488,green
b2c3d4e5-f6a7-5b6c-9d0e-1f2a3b4c5d6e,17,4,0.3967,green
b2c3d4e5-f6a7-5b6c-9d0e-1f2a3b4c5d6e,18,4,0.3552,green
b2c3d4e5-f6a7-5b6c-9d0e-1f2a3b4c5d6e,19,4,0.3185,green
b2c3d4e5-f6a7-5b6c-9d0e-1f2a3b4c5d6e,20,4,0.2181,green
b2c3d4e5-f6a7-5b6c-9d0e-1f2a3b4c5d6e,21,4,0.3215,green
b2c3d4e5-f6a7-5b6c-9d0e-1f2a3b4c5d6e,22,4,0.3192,green
b2c3d4e5-f6a7-5b6c-9d0e-1f2a3b4c5d6e,23,4,0.2849,green
b2c3d4e5-f6a7-5b6c-9d0e-1f2a3b4c5d6e,0,5,0.0949,green
b2c3d4e5-f6a7-5b6c-9d0e-1f2a3b4c5d6e,1,5,0.1577,green
b2c3d4e5-f6a7-5b6c-9d0e-1f2a3b4c5d6e,2,5,0.2383,green
b2c3d4e5-f6a7-5b6c-9d0e-1f2a3b4c5d6e,3,5,0.1738,green
b2c3d4e5-f6a7-5b6c-9d0e-1f2a3b4c5d6e,4,5,0.1725,green
b2c3d4e5-f6a7-5b6c-9d0e-1f2a3b4c5d6e,5,5,0.2003,green
b2c3d4e5-f6a7-5b6c-9d0e-1f2a3b4c5d6e,6,5,0.2621,green
b2c3d4e5-f6a7-5b6c-9d0e-1f2a3b4c5d6e,7,5,0.2379,green
b2c3d4e5-f6a7-5b6c-9d0e-1f2a3b4c5d6e,8,5,0.3255,green
b2c3d4e5-f6a7-5b6c-9d0e-1f2a3b4c5d6e,9,5,0.3557,green
b2c3d4e5-f6a7-5b6c-9d0e-1f2a3b4c5d6e,10,5,0.4522,green
b2c3d4e5-f6a7-5b6c-9d0e-1f2a3b4c5d6e,11,5,0.3998,green
b2c3d4e5-f6a7-5b6c-9d0e-1f2a3b4c5d6e,12,5,0.3835,green
b2c3d4e5-f6a7-5b6c-9d0e-1f2a3b4c5d6e,13,5,0.2655,green
b2c3d4e5-f6a7-5b6c-9d0e-1f2a3b4c5d6e,14,5,0.2991,green
b2c3d4e5-f6a7-5b6c-9d0e-1f2a3b4c5d6e,15,5,0.1729,green
b2c3d4e5-f6a7-5b6c-9d0e-1f2a3b4c5d6e,16,5,0.2135,green
b2c3d4e5-f6a7-5b6c-9d0e-1f2a3b4c5d6e,17,5,0.1928,green
b2c3d4e5-f6a7-5b6c-9d0e-1f2a3b4c5d6e,18,5,0.1142,green
b2c3d4e5-f6a7-5b6c-9d0e-1f2a3b4c5d6e,19,5,0.2391,green
b2c3d4e5-f6a7-5b6c-9d0e-1f2a3b4c5d6e,20,5,0.1589,green
b2c3d4e5-f6a7-5b6c-9d0e-1f2a3b4c5d6e,21,5,0.0303,green
b2c3d4e5-f6a7-5b6c-9d0e-1f2a3b4c5d6e,22,5,0.1503,green
b2c3d4e5-f6a7-5b6c-9d0e-1f2a3b4c5d6e,23,5,0.1009,green
b2c3d4e5-f6a7-5b6c-9d0e-1f2a3b4c5d6e,0,6,0.1306,green
b2c3d4e5-f6a7-5b6c-9d0e-1f2a3b4c5d6e,1,6,0.1624,green
b2c3d4e5-f6a7-5b6c-9d0e-1f2a3b4c5d6e,2,6,0.172,green
b2c3d4e5-f6a7-5b6c-9d0e-1f2a3b4c5d6e,3,6,0.0699,green
b2c3d4e5-f6a7-5b6c-9d0e-1f2a3b4c5d6e,4,6,0.14,green
b2c3d4e5-f6a7-5b6c-9d0e-1f2a3b4c5d6e,5,6,0.2685,green
b2c3d4e5-f6a7-5b6c-9d0e-1f2a3b4c5d6e,6,6,0.3306,green
b2c3d4e5-f6a7-5b6c-9d0e-1f2a3b4c5d6e,7,6,0.3963,green
b2c3d4e5-f6a7-5b6c-9d0e-1f2a3b4c5d6e,8,6,0.422,green
b2c3d4e5-f6a7-5b6c-9d0e-1f2a3b4c5d6e,9,6,0.2498,green
b2c3d4e5-f6a7-5b6c-9d0e-1f2a3b4c5d6e,10,6,0.3985,green
b2c3d4e5-f6a7-5b6c-9d0e-1f2a3b4c5d6e,11,6,0.2568,green
b2c3d4e5-f6a7-5b6c-9d0e-1f2a3b4c5d6e,12,6,0.4125,green
b2c3d4e5-f6a7-5b6c-9d0e-1f2a3b4c5d6e,13,6,0.3138,green
b2c3d4e5-f6a7-5b6c-9d0e-1f2a3b4c5d6e,14,6,0.2085,green
b2c3d4e5-f6a7-5b6c-9d0e-1f2a3b4c5d6e,15,6,0.3304,green
b2c3d4e5-f6a7-5b6c-9d0e-1f2a3b4c5d6e,16,6,0.2301,green
b2c3d4e5-f6a7-5b6c-9d0e-1f2a3b4c5d6e,17,6,0.0773,green
b2c3d4e5-f6a7-5b6c-9d0e-1f2a3b4c5d6e,18,6,0.1672,green
b2c3d4e5-f6a7-5b6c-9d0e-1f2a3b4c5d6e,19,6,0.1025,green
b2c3d4e5-f6a7-5b6c-9d0e-1f2a3b4c5d6e,20,6,0.1361,green
b2c3d4e5-f6a7-5b6c-9d0e-1f2a3b4c5d6e,21,6,0.1022,green
b2c3d4e5-f6a7-5b6c-9d0e-1f2a3b4c5d6e,22,6,0.1913,green
b2c3d4e5-f6a7-5b6c-9d0e-1f2a3b4c5d6e,23,6,0.0501,green
c3d4e5f6-a7b8-6c7d-0e1f-2a3b4c5d6e7f,0,0,0.3422,green
c3d4e5f6-a7b8-6c7d-0e1f-2a3b4c5d6e7f,1,0,0.4384,green
c3d4e5f6-a7b8-6c7d-0e1f-2a3b4c5d6e7f,2,0,0.3399,green
c3d4e5f6-a7b8-6c7d-0e1f-2a3b4c5d6e7f,3,0,0.4403,green
c3d4e5f6-a7b8-6c7d-0e1f-2a3b4c5d6e7f,4,0,0.5049,green
c3d4e5f6-a7b8-6c7d-0e1f-2a3b4c5d6e7f,5,0,0.5402,green
c3d4e5f6-a7b8-6c7d-0e1f-2a3b4c5d6e7f,6,0,0.6963,yellow
c3d4e5f6-a7b8-6c7d-0e1f-2a3b4c5d6e7f,7,0,0.7578,yellow
c3d4e5f6-a7b8-6c7d-0e1f-2a3b4c5d6e7f,8,0,0.7823,yellow
c3d4e5f6-a7b8-6c7d-0e1f-2a3b4c5d6e7f,9,0,0.9696,red
c3d4e5f6-a7b8-6c7d-0e1f-2a3b4c5d6e7f,10,0,0.9396,red
c3d4e5f6-a7b8-6c7d-0e1f-2a3b4c5d6e7f,11,0,0.8732,red
c3d4e5f6-a7b8-6c7d-0e1f-2a3b4c5d6e7f,12,0,0.7977,yellow
c3d4e5f6-a7b8-6c7d-0e1f-2a3b4c5d6e7f,13,0,0.7137,yellow
c3d4e5f6-a7b8-6c7d-0e1f-2a3b4c5d6e7f,14,0,0.7255,yellow
c3d4e5f6-a7b8-6c7d-0e1f-2a3b4c5d6e7f,15,0,0.5674,green
c3d4e5f6-a7b8-6c7d-0e1f-2a3b4c5d6e7f,16,0,0.5178,green
c3d4e5f6-a7b8-6c7d-0e1f-2a3b4c5d6e7f,17,0,0.4205,green
c3d4e5f6-a7b8-6c7d-0e1f-2a3b4c5d6e7f,18,0,0.412,green
c3d4e5f6-a7b8-6c7d-0e1f-2a3b4c5d6e7f,19,0,0.3419,green
c3d4e5f6-a7b8-6c7d-0e1f-2a3b4c5d6e7f,20,0,0.3646,green
c3d4e5f6-a7b8-6c7d-0e1f-2a3b4c5d6e7f,21,0,0.3045,green
c3d4e5f6-a7b8-6c7d-0e1f-2a3b4c5d6e7f,22,0,0.3481,green
c3d4e5f6-a7b8-6c7d-0e1f-2a3b4c5d6e7f,23,0,0.3367,green
c3d4e5f6-a7b8-6c7d-0e1f-2a3b4c5d6e7f,0,1,0.3205,green
c3d4e5f6-a7b8-6c7d-0e1f-2a3b4c5d6e7f,1,1,0.3047,green
c3d4e5f6-a7b8-6c7d-0e1f-2a3b4c5d6e7f,2,1,0.3342,green
c3d4e5f6-a7b8-6c7d-0e1f-2a3b4c5d6e7f,3,1,0.3927,green
c3d4e5f6-a7b8-6c7d-0e1f-2a3b4c5d6e7f,4,1,0.4456,green
c3d4e5f6-a7b8-6c7d-0e1f-2a3b4c5d6e7f,5,1,0.618,yellow
c3d4e5f6-a7b8-6c7d-0e1f-2a3b4c5d6e7f,6,1,0.6616,yellow
c3d4e5f6-a7b8-6c7d-0e1f-2a3b4c5d6e7f,7,1,0.8314,yellow
c3d4e5f6-a7b8-6c7d-0e1f-2a3b4c5d6e7f,8,1,0.9435,red
c3d4e5f6-a7b8-6c7d-0e1f-2a3b4c5d6e7f,9,1,0.8828,red
c3d4e5f6-a7b8-6c7d-0e1f-2a3b4c5d6e7f,10,1,0.8226,yellow
c3d4e5f6-a7b8-6c7d-0e1f-2a3b4c5d6e7f,11,1,0.8625,red
c3d4e5f6-a7b8-6c7d-0e1f-2a3b4c5d6e7f,12,1,0.8257,yellow
c3d4e5f6-a7b8-6c7d-0e1f-2a3b4c5d6e7f,13,1,0.6785,yellow
c3d4e5f6-a7b8-6c7d-0e1f-2a3b4c5d6e7f,14,1,0.6514,yellow
c3d4e5f6-a7b8-6c7d-0e1f-2a3b4c5d6e7f,15,1,0.589,green
c3d4e5f6-a7b8-6c7d-0e1f-2a3b4c5d6e7f,16,1,0.4718,green
c3d4e5f6-a7b8-6c7d-0e1f-2a3b4c5d6e7f,17,1,0.3913,green
c3d4e5f6-a7b8-6c7d-0e1f-2a3b4c5d6e7f,18,1,0.3433,green
c3d4e5f6-a7b8-6c7d-0e1f-2a3b4c5d6e7f,19,1,0.4371,green
c3d4e5f6-a7b8-6c7d-0e1f-2a3b4c5d6e7f,20,1,0.3184,green
c3d4e5f6-a7b8-6c7d-0e1f-2a3b4c5d6e7f,21,1,0.2722,green
c3d4e5f6-a7b8-6c7d-0e1f-2a3b4c5d6e7f,22,1,0.288,green
c3d4e5f6-a7b8-6c7d-0e1f-2a3b4c5d6e7f,23,1,0.3508,green
c3d4e5f6-a7b8-6c7d-0e1f-2a3b4c5d6e7f,0,2,0.2921,green
c3d4e5f6-a7b8-6c7d-0e1f-2a3b4c5d6e7f,1,2,0.3718,green
c3d4e5f6-a7b8-6c7d-0e1f-2a3b4c5d6e7f,2,2,0.4176,green
c3d4e5f6-a7b8-6c7d-0e1f-2a3b4c5d6e7f,3,2,0.4672,green
c3d4e5f6-a7b8-6c7d-0e1f-2a3b4c5d6e7f,4,2,0.5648,green
c3d4e5f6-a7b8-6c7d-0e1f-2a3b4c5d6e7f,5,2,0.5472,green
c3d4e5f6-a7b8-6c7d-0e1f-2a3b4c5d6e7f,6,2,0.7206,yellow
c3d4e5f6-a7b8-6c7d-0e1f-2a3b4c5d6e7f,7,2,0.7133,yellow
c3d4e5f6-a7b8-6c7d-0e1f-2a3b4c5d6e7f,8,2,0.8097,yellow
c3d4e5f6-a7b8-6c7d-0e1f-2a3b4c5d6e7f,9,2,0.9413,red
c3d4e5f6-a7b8-6c7d-0e1f-2a3b4c5d6e7f,10,2,0.9411,red
c3d4e5f6-a7b8-6c7d-0e1f-2a3b4c5d6e7f,11,2,0.8816,red
c3d4e5f6-a7b8-6c7d-0e1f-2a3b4c5d6e7f,12,2,0.7699,yellow
c3d4e5f6-a7b8-6c7d-0e1f-2a3b4c5d6e7f,13,2,0.781,yellow
c3d4e5f6-a7b8-6c7d-0e1f-2a3b4c5d6e7f,14,2,0.6324,yellow
c3d4e5f6-a7b8-6c7d-0e1f-2a3b4c5d6e7f,15,2,0.5285,green
c3d4e5f6-a7b8-6c7d-0e1f-2a3b4c5d6e7f,16,2,0.4624,green
c3d4e5f6-a7b8-6c7d-0e1f-2a3b4c5d6e7f,17,2,0.4421,green
c3d4e5f6-a7b8-6c7d-0e1f-2a3b4c5d6e7f,18,2,0.2751,green
c3d4e5f6-a7b8-6c7d-0e1f-2a3b4c5d6e7f,19,2,0.3658,green
c3d4e5f6-a7b8-6c7d-0e1f-2a3b4c5d6e7f,20,2,0.3351,green
c3d4e5f6-a7b8-6c7d-0e1f-2a3b4c5d6e7f,21,2,0.2845,green
c3d4e5f6-a7b8-6c7d-0e1f-2a3b4c5d6e7f,22,2,0.3585,green
c3d4e5f6-a7b8-6c7d-0e1f-2a3b4c5d6e7f,23,2,0.3336,green
c3d4e5f6-a7b8-6c7d-0e1f-2a3b4c5d6e7f,0,3,0.296,green
c3d4e5f6-a7b8-6c7d-0e1f-2a3b4c5d6e7f,1,3,0.3142,green
c3d4e5f6-a7b8-6c7d-0e1f-2a3b4c5d6e7f,2,3,0.416,green
c3d4e5f6-a7b8-6c7d-0e1f-2a3b4c5d6e7f,3,3,0.354,green
c3d4e5f6-a7b8-6c7d-0e1f-2a3b4c5d6e7f,4,3,0.4782,green
c3d4e5f6-a7b8-6c7d-0e1f-2a3b4c5d6e7f,5,3,0.5431,green
c3d4e5f6-a7b8-6c7d-0e1f-2a3b4c5d6e7f,6,3,0.6674,yellow
c3d4e5f6-a7b8-6c7d-0e1f-2a3b4c5d6e7f,7,3,0.7635,yellow
c3d4e5f6-a7b8-6c7d-0e1f-2a3b4c5d6e7f,8,3,0.8313,yellow
c3d4e5f6-a7b8-6c7d-0e1f-2a3b4c5d6e7f,9,3,0.9383,red
c3d4e5f6-a7b8-6c7d-0e1f-2a3b4c5d6e7f,10,3,0.9114,red
c3d4e5f6-a7b8-6c7d-0e1f-2a3b4c5d6e7f,11,3,0.8658,red
c3d4e5f6-a7b8-6c7d-0e1f-2a3b4c5d6e7f,12,3,0.769,yellow
c3d4e5f6-a7b8-6c7d-0e1f-2a3b4c5d6e7f,13,3,0.789,yellow
c3d4e5f6-a7b8-6c7d-0e1f-2a3b4c5d6e7f,14,3,0.6903,yellow
c3d4e5f6-a7b8-6c7d-0e1f-2a3b4c5d6e7f,15,3,0.6472,yellow
c3d4e5f6-a7b8-6c7d-0e1f-2a3b4c5d6e7f,16,3,0.4574,green
c3d4e5f6-a7b8-6c7d-0e1f-2a3b4c5d6e7f,17,3,0.4311,green
c3d4e5f6-a7b8-6c7d-0e1f-2a3b4c5d6e7f,18,3,0.3783,green
c3d4e5f6-a7b8-6c7d-0e1f-2a3b4c5d6e7f,19,3,0.3434,green
c3d4e5f6-a7b8-6c7d-0e1f-2a3b4c5d6e7f,20,3,0.3269,green
c3d4e5f6-a7b8-6c7d-0e1f-2a3b4c5d6e7f,21,3,0.2279,green
c3d4e5f6-a7b8-6c7d-0e1f-2a3b4c5d6e7f,22,3,0.3479,green
c3d4e5f6-a7b8-6c7d-0e1f-2a3b4c5d6e7f,23,3,0.3357,green
c3d4e5f6-a7b8-6c7d-0e1f-2a3b4c5d6e7f,0,4,0.3829,green
c3d4e5f6-a7b8-6c7d-0e1f-2a3b4c5d6e7f,1,4,0.4602,green
c3d4e5f6-a7b8-6c7d-0e1f-2a3b4c5d6e7f,2,4,0.3653,green
c3d4e5f6-a7b8-6c7d-0e1f-2a3b4c5d6e7f,3,4,0.428,green
c3d4e5f6-a7b8-6c7d-0e1f-2a3b4c5d6e7f,4,4,0.4953,green
c3d4e5f6-a7b8-6c7d-0e1f-2a3b4c5d6e7f,5,4,0.6718,yellow
c3d4e5f6-a7b8-6c7d-0e1f-2a3b4c5d6e7f,6,4,0.5774,green
c3d4e5f6-a7b8-6c7d-0e1f-2a3b4c5d6e7f,7,4,0.7772,yellow
c3d4e5f6-a7b8-6c7d-0e1f-2a3b4c5d6e7f,8,4,0.756,yellow
c3d4e5f6-a7b8-6c7d-0e1f-2a3b4c5d6e7f,9,4,0.7525,yellow
c3d4e5f6-a7b8-6c7d-0e1f-2a3b4c5d6e7f,10,4,0.799,yellow
c3d4e5f6-a7b8-6c7d-0e1f-2a3b4c5d6e7f,11,4,0.8125,yellow
c3d4e5f6-a7b8-6c7d-0e1f-2a3b4c5d6e7f,12,4,0.8829,red
c3d4e5f6-a7b8-6c7d-0e1f-2a3b4c5d6e7f,13,4,0.7095,yellow
c3d4e5f6-a7b8-6c7d-0e1f-2a3b4c5d6e7f,14,4,0.6525,yellow
c3d4e5f6-a7b8-6c7d-0e1f-2a3b4c5d6e7f,15,4,0.5165,green
c3d4e5f6-a7b8-6c7d-0e1f-2a3b4c5d6e7f,16,4,0.5253,green
c3d4e5f6-a7b8-6c7d-0e1f-2a3b4c5d6e7f,17,4,0.3747,green
c3d4e5f6-a7b8-6c7d-0e1f-2a3b4c5d6e7f,18,4,0.4471,green
c3d4e5f6-a7b8-6c7d-0e1f-2a3b4c5d6e7f,19,4,0.2981,green
c3d4e5f6-a7b8-6c7d-0e1f-2a3b4c5d6e7f,20,4,0.2881,green
c3d4e5f6-a7b8-6c7d-0e1f-2a3b4c5d6e7f,21,4,0.3198,green
c3d4e5f6-a7b8-6c7d-0e1f-2a3b4c5d6e7f,22,4,0.3079,green
c3d4e5f6-a7b8-6c7d-0e1f-2a3b4c5d6e7f,23,4,0.3743,green
c3d4e5f6-a7b8-6c7d-0e1f-2a3b4c5d6e7f,0,5,0.1366,green
c3d4e5f6-a7b8-6c7d-0e1f-2a3b4c5d6e7f,1,5,0.0787,green
c3d4e5f6-a7b8-6c7d-0e1f-2a3b4c5d6e7f,2,5,0.1245,green
c3d4e5f6-a7b8-6c7d-0e1f-2a3b4c5d6e7f,3,5,0.1433,green
c3d4e5f6-a7b8-6c7d-0e1f-2a3b4c5d6e7f,4,5,0.2342,green
c3d4e5f6-a7b8-6c7d-0e1f-2a3b4c5d6e7f,5,5,0.2491,green
c3d4e5f6-a7b8-6c7d-0e1f-2a3b4c5d6e7f,6,5,0.2596,green
c3d4e5f6-a7b8-6c7d-0e1f-2a3b4c5d6e7f,7,5,0.3446,green
c3d4e5f6-a7b8-6c7d-0e1f-2a3b4c5d6e7f,8,5,0.3054,green
c3d4e5f6-a7b8-6c7d-0e1f-2a3b4c5d6e7f,9,5,0.3458,green
c3d4e5f6-a7b8-6c7d-0e1f-2a3b4c5d6e7f,10,5,0.369,green
c3d4e5f6-a7b8-6c7d-0e1f-2a3b4c5d6e7f,11,5,0.429,green
c3d4e5f6-a7b8-6c7d-0e1f-2a3b4c5d6e7f,12,5,0.3269,green
c3d4e5f6-a7b8-6c7d-0e1f-2a3b4c5d6e7f,13,5,0.2836,green
c3d4e5f6-a7b8-6c7d-0e1f-2a3b4c5d6e7f,14,5,0.2133,green
c3d4e5f6-a7b8-6c7d-0e1f-2a3b4c5d6e7f,15,5,0.2642,green
c3d4e5f6-a7b8-6c7d-0e1f-2a3b4c5d6e7f,16,5,0.1685,green
c3d4e5f6-a7b8-6c7d-0e1f-2a3b4c5d6e7f,17,5,0.1891,green
c3d4e5f6-a7b8-6c7d-0e1f-2a3b4c5d6e7f,18,5,0.0574,green
c3d4e5f6-a7b8-6c7d-0e1f-2a3b4c5d6e7f,19,5,0.1913,green
c3d4e5f6-a7b8-6c7d-0e1f-2a3b4c5d6e7f,20,5,0.0639,green
c3d4e5f6-a7b8-6c7d-0e1f-2a3b4c5d6e7f,21,5,0.0866,green
c3d4e5f6-a7b8-6c7d-0e1f-2a3b4c5d6e7f,22,5,0.1756,green
c3d4e5f6-a7b8-6c7d-0e1f-2a3b4c5d6e7f,23,5,0.0545,green
c3d4e5f6-a7b8-6c7d-0e1f-2a3b4c5d6e7f,0,6,0.1266,green
c3d4e5f6-a7b8-6c7d-0e1f-2a3b4c5d6e7f,1,6,0.1428,green
c3d4e5f6-a7b8-6c7d-0e1f-2a3b4c5d6e7f,2,6,0.1026,green
c3d4e5f6-a7b8-6c7d-0e1f-2a3b4c5d6e7f,3,6,0.2391,green
c3d4e5f6-a7b8-6c7d-0e1f-2a3b4c5d6e7f,4,6,0.2729,green
c3d4e5f6-a7b8-6c7d-0e1f-2a3b4c5d6e7f,5,6,0.1313,green
c3d4e5f6-a7b8-6c7d-0e1f-2a3b4c5d6e7f,6,6,0.1931,green
c3d4e5f6-a7b8-6c7d-0e1f-2a3b4c5d6e7f,7,6,0.3416,green
c3d4e5f6-a7b8-6c7d-0e1f-2a3b4c5d6e7f,8,6,0.2666,green
c3d4e5f6-a7b8-6c7d-0e1f-2a3b4c5d6e7f,9,6,0.3332,green
c3d4e5f6-a7b8-6c7d-0e1f-2a3b4c5d6e7f,10,6,0.3665,green
c3d4e5f6-a7b8-6c7d-0e1f-2a3b4c5d6e7f,11,6,0.3872,green
c3d4e5f6-a7b8-6c7d-0e1f-2a3b4c5d6e7f,12,6,0.3206,green
c3d4e5f6-a7b8-6c7d-0e1f-2a3b4c5d6e7f,13,6,0.3059,green
c3d4e5f6-a7b8-6c7d-0e1f-2a3b4c5d6e7f,14,6,0.2267,green
c3d4e5f6-a7b8-6c7d-0e1f-2a3b4c5d6e7f,15,6,0.2945,green
c3d4e5f6-a7b8-6c7d-0e1f-2a3b4c5d6e7f,16,6,0.1732,green
c3d4e5f6-a7b8-6c7d-0e1f-2a3b4c5d6e7f,17,6,0.1889,green
c3d4e5f6-a7b8-6c7d-0e1f-2a3b4c5d6e7f,18,6,0.1269,green
c3d4e5f6-a7b8-6c7d-0e1f-2a3b4c5d6e7f,19,6,0.1444,green
c3d4e5f6-a7b8-6c7d-0e1f-2a3b4c5d6e7f,20,6,0.1221,green
c3d4e5f6-a7b8-6c7d-0e1f-2a3b4c5d6e7f,21,6,0.1173,green
c3d4e5f6-a7b8-6c7d-0e1f-2a3b4c5d6e7f,22,6,0.072,green
c3d4e5f6-a7b8-6c7d-0e1f-2a3b4c5d6e7f,23,6,0.161,green
d4e5f6a7-b8c9-7d8e-1f2a-3b4c5d6e7f8a,0,0,0.3971,green
d4e5f6a7-b8c9-7d8e-1f2a-3b4c5d6e7f8a,1,0,0.3599,green
d4e5f6a7-b8c9-7d8e-1f2a-3b4c5d6e7f8a,2,0,0.4178,green
d4e5f6a7-b8c9-7d8e-1f2a-3b4c5d6e7f8a,3,0,0.4717,green
d4e5f6a7-b8c9-7d8e-1f2a-3b4c5d6e7f8a,4,0,0.5412,green
d4e5f6a7-b8c9-7d8e-1f2a-3b4c5d6e7f8a,5,0,0.5899,green
d4e5f6a7-b8c9-7d8e-1f2a-3b4c5d6e7f8a,6,0,0.6745,yellow
d4e5f6a7-b8c9-7d8e-1f2a-3b4c5d6e7f8a,7,0,0.7961,yellow
d4e5f6a7-b8c9-7d8e-1f2a-3b4c5d6e7f8a,8,0,0.8329,yellow
d4e5f6a7-b8c9-7d8e-1f2a-3b4c5d6e7f8a,9,0,0.8328,yellow
d4e5f6a7-b8c9-7d8e-1f2a-3b4c5d6e7f8a,10,0,0.9012,red
d4e5f6a7-b8c9-7d8e-1f2a-3b4c5d6e7f8a,11,0,0.7871,yellow
d4e5f6a7-b8c9-7d8e-1f2a-3b4c5d6e7f8a,12,0,0.8292,yellow
d4e5f6a7-b8c9-7d8e-1f2a-3b4c5d6e7f8a,13,0,0.7736,yellow
d4e5f6a7-b8c9-7d8e-1f2a-3b4c5d6e7f8a,14,0,0.7257,yellow
d4e5f6a7-b8c9-7d8e-1f2a-3b4c5d6e7f8a,15,0,0.5823,green
d4e5f6a7-b8c9-7d8e-1f2a-3b4c5d6e7f8a,16,0,0.5412,green
d4e5f6a7-b8c9-7d8e-1f2a-3b4c5d6e7f8a,17,0,0.4297,green
d4e5f6a7-b8c9-7d8e-1f2a-3b4c5d6e7f8a,18,0,0.33,green
d4e5f6a7-b8c9-7d8e-1f2a-3b4c5d6e7f8a,19,0,0.2772,green
d4e5f6a7-b8c9-7d8e-1f2a-3b4c5d6e7f8a,20,0,0.2779,green
d4e5f6a7-b8c9-7d8e-1f2a-3b4c5d6e7f8a,21,0,0.2454,green
d4e5f6a7-b8c9-7d8e-1f2a-3b4c5d6e7f8a,22,0,0.3384,green
d4e5f6a7-b8c9-7d8e-1f2a-3b4c5d6e7f8a,23,0,0.2927,green
d4e5f6a7-b8c9-7d8e-1f2a-3b4c5d6e7f8a,0,1,0.3549,green
d4e5f6a7-b8c9-7d8e-1f2a-3b4c5d6e7f8a,1,1,0.3514,green
d4e5f6a7-b8c9-7d8e-1f2a-3b4c5d6e7f8a,2,1,0.4334,green
d4e5f6a7-b8c9-7d8e-1f2a-3b4c5d6e7f8a,3,1,0.4828,green
d4e5f6a7-b8c9-7d8e-1f2a-3b4c5d6e7f8a,4,1,0.4625,green
d4e5f6a7-b8c9-7d8e-1f2a-3b4c5d6e7f8a,5,1,0.561,green
d4e5f6a7-b8c9-7d8e-1f2a-3b4c5d6e7f8a,6,1,0.6373,yellow
d4e5f6a7-b8c9-7d8e-1f2a-3b4c5d6e7f8a,7,1,0.6718,yellow
d4e5f6a7-b8c9-7d8e-1f2a-3b4c5d6e7f8a,8,1,0.8633,red
d4e5f6a7-b8c9-7d8e-1f2a-3b4c5d6e7f8a,9,1,0.941,red
d4e5f6a7-b8c9-7d8e-1f2a-3b4c5d6e7f8a,10,1,0.8997,red
d4e5f6a7-b8c9-7d8e-1f2a-3b4c5d6e7f8a,11,1,0.8569,red
d4e5f6a7-b8c9-7d8e-1f2a-3b4c5d6e7f8a,12,1,0.884,red
d4e5f6a7-b8c9-7d8e-1f2a-3b4c5d6e7f8a,13,1,0.6357,yellow
d4e5f6a7-b8c9-7d8e-1f2a-3b4c5d6e7f8a,14,1,0.6728,yellow
d4e5f6a7-b8c9-7d8e-1f2a-3b4c5d6e7f8a,15,1,0.5819,green
d4e5f6a7-b8c9-7d8e-1f2a-3b4c5d6e7f8a,16,1,0.4662,green
d4e5f6a7-b8c9-7d8e-1f2a-3b4c5d6e7f8a,17,1,0.4993,green
d4e5f6a7-b8c9-7d8e-1f2a-3b4c5d6e7f8a,18,1,0.4297,green
d4e5f6a7-b8c9-7d8e-1f2a-3b4c5d6e7f8a,19,1,0.3347,green
d4e5f6a7-b8c9-7d8e-1f2a-3b4c5d6e7f8a,20,1,0.322,green
d4e5f6a7-b8c9-7d8e-1f2a-3b4c5d6e7f8a,21,1,0.2943,green
d4e5f6a7-b8c9-7d8e-1f2a-3b4c5d6e7f8a,22,1,0.2811,green
d4e5f6a7-b8c9-7d8e-1f2a-3b4c5d6e7f8a,23,1,0.2376,green
d4e5f6a7-b8c9-7d8e-1f2a-3b4c5d6e7f8a,0,2,0.3954,green
d4e5f6a7-b8c9-7d8e-1f2a-3b4c5d6e7f8a,1,2,0.3991,green
d4e5f6a7-b8c9-7d8e-1f2a-3b4c5d6e7f8a,2,2,0.4211,green
d4e5f6a7-b8c9-7d8e-1f2a-3b4c5d6e7f8a,3,2,0.375,green
d4e5f6a7-b8c9-7d8e-1f2a-3b4c5d6e7f8a,4,2,0.5988,green
d4e5f6a7-b8c9-7d8e-1f2a-3b4c5d6e7f8a,5,2,0.6737,yellow
d4e5f6a7-b8c9-7d8e-1f2a-3b4c5d6e7f8a,6,2,0.6733,yellow
d4e5f6a7-b8c9-7d8e-1f2a-3b4c5d6e7f8a,7,2,0.7077,yellow
d4e5f6a7-b8c9-7d8e-1f2a-3b4c5d6e7f8a,8,2,0.7862,yellow
d4e5f6a7-b8c9-7d8e-1f2a-3b4c5d6e7f8a,9,2,0.9025,red
d4e5f6a7-b8c9-7d8e-1f2a-3b4c5d6e7f8a,10,2,0.8543,red
d4e5f6a7-b8c9-7d8e-1f2a-3b4c5d6e7f8a,11,2,0.8798,red
d4e5f6a7-b8c9-7d8e-1f2a-3b4c5d6e7f8a,12,2,0.8839,red
d4e5f6a7-b8c9-7d8e-1f2a-3b4c5d6e7f8a,13,2,0.6776,yellow
d4e5f6a7-b8c9-7d8e-1f2a-3b4c5d6e7f8a,14,2,0.7642,yellow
d4e5f6a7-b8c9-7d8e-1f2a-3b4c5d6e7f8a,15,2,0.653,yellow
d4e5f6a7-b8c9-7d8e-1f2a-3b4c5d6e7f8a,16,2,0.4329,green
d4e5f6a7-b8c9-7d8e-1f2a-3b4c5d6e7f8a,17,2,0.3591,green
d4e5f6a7-b8c9-7d8e-1f2a-3b4c5d6e7f8a,18,2,0.367,green
d4e5f6a7-b8c9-7d8e-1f2a-3b4c5d6e7f8a,19,2,0.2962,green
d4e5f6a7-b8c9-7d8e-1f2a-3b4c5d6e7f8a,20,2,0.3132,green
d4e5f6a7-b8c9-7d8e-1f2a-3b4c5d6e7f8a,21,2,0.1846,green
d4e5f6a7-b8c9-7d8e-1f2a-3b4c5d6e7f8a,22,2,0.2952,green
d4e5f6a7-b8c9-7d8e-1f2a-3b4c5d6e7f8a,23,2,0.3932,green
d4e5f6a7-b8c9-7d8e-1f2a-3b4c5d6e7f8a,0,3,0.2705,green
d4e5f6a7-b8c9-7d8e-1f2a-3b4c5d6e7f8a,1,3,0.3341,green
d4e5f6a7-b8c9-7d8e-1f2a-3b4c5d6e7f8a,2,3,0.3067,green
d4e5f6a7-b8c9-7d8e-1f2a-3b4c5d6e7f8a,3,3,0.4617,green
d4e5f6a7-b8c9-7d8e-1f2a-3b4c5d6e7f8a,4,3,0.4835,green
d4e5f6a7-b8c9-7d8e-1f2a-3b4c5d6e7f8a,5,3,0.6717,yellow
d4e5f6a7-b8c9-7d8e-1f2a-3b4c5d6e7f8a,6,3,0.6743,yellow
d4e5f6a7-b8c9-7d8e-1f2a-3b4c5d6e7f8a,7,3,0.7343,yellow
d4e5f6a7-b8c9-7d8e-1f2a-3b4c5d6e7f8a,8,3,0.857,red
d4e5f6a7-b8c9-7d8e-1f2a-3b4c5d6e7f8a,9,3,0.8562,red
d4e5f6a7-b8c9-7d8e-1f2a-3b4c5d6e7f8a,10,3,0.833,yellow
d4e5f6a7-b8c9-7d8e-1f2a-3b4c5d6e7f8a,11,3,0.8966,red
d4e5f6a7-b8c9-7d8e-1f2a-3b4c5d6e7f8a,12,3,0.8208,yellow
d4e5f6a7-b8c9-7d8e-1f2a-3b4c5d6e7f8a,13,3,0.7612,yellow
d4e5f6a7-b8c9-7d8e-1f2a-3b4c5d6e7f8a,14,3,0.6827,yellow
d4e5f6a7-b8c9-7d8e-1f2a-3b4c5d6e7f8a,15,3,0.5492,green
d4e5f6a7-b8c9-7d8e-1f2a-3b4c5d6e7f8a,16,3,0.5159,green
d4e5f6a7-b8c9-7d8e-1f2a-3b4c5d6e7f8a,17,3,0.5166,green
d4e5f6a7-b8c9-7d8e-1f2a-3b4c5d6e7f8a,18,3,0.3258,green
d4e5f6a7-b8c9-7d8e-1f2a-3b4c5d6e7f8a,19,3,0.4346,green
d4e5f6a7-b8c9-7d8e-1f2a-3b4c5d6e7f8a,20,3,0.3142,green
d4e5f6a7-b8c9-7d8e-1f2a-3b4c5d6e7f8a,21,3,0.2753,green
d4e5f6a7-b8c9-7d8e-1f2a-3b4c5d6e7f8a,22,3,0.428,green
d4e5f6a7-b8c9-7d8e-1f2a-3b4c5d6e7f8a,23,3,0.3108,green
d4e5f6a7-b8c9-7d8e-1f2a-3b4c5d6e7f8a,0,4,0.3949,green
d4e5f6a7-b8c9-7d8e-1f2a-3b4c5d6e7f8a,1,4,0.3886,green
d4e5f6a7-b8c9-7d8e-1f2a-3b4c5d6e7f8a,2,4,0.2972,green
d4e5f6a7-b8c9-7d8e-1f2a-3b4c5d6e7f8a,3,4,0.4358,green
d4e5f6a7-b8c9-7d8e-1f2a-3b4c5d6e7f8a,4,4,0.4685,green
d4e5f6a7-b8c9-7d8e-1f2a-3b4c5d6e7f8a,5,4,0.5076,green
d4e5f6a7-b8c9-7d8e-1f2a-3b4c5d6e7f8a,6,4,0.5753,green
d4e5f6a7-b8c9-7d8e-1f2a-3b4c5d6e7f8a,7,4,0.758,yellow
d4e5f6a7-b8c9-7d8e-1f2a-3b4c5d6e7f8a,8,4,0.859,red
d4e5f6a7-b8c9-7d8e-1f2a-3b4c5d6e7f8a,9,4,0.9011,red
d4e5f6a7-b8c9-7d8e-1f2a-3b4c5d6e7f8a,10,4,0.8847,red
d4e5f6a7-b8c9-7d8e-1f2a-3b4c5d6e7f8a,11,4,0.8416,yellow
d4e5f6a7-b8c9-7d8e-1f2a-3b4c5d6e7f8a,12,4,0.7802,yellow
d4e5f6a7-b8c9-7d8e-1f2a-3b4c5d6e7f8a,13,4,0.7251,yellow
d4e5f6a7-b8c9-7d8e-1f2a-3b4c5d6e7f8a,14,4,0.6123,yellow
d4e5f6a7-b8c9-7d8e-1f2a-3b4c5d6e7f8a,15,4,0.5645,green
d4e5f6a7-b8c9-7d8e-1f2a-3b4c5d6e7f8a,16,4,0.4936,green
d4e5f6a7-b8c9-7d8e-1f2a-3b4c5d6e7f8a,17,4,0.385,green
d4e5f6a7-b8c9-7d8e-1f2a-3b4c5d6e7f8a,18,4,0.3696,green
d4e5f6a7-b8c9-7d8e-1f2a-3b4c5d6e7f8a,19,4,0.3097,green
d4e5f6a7-b8c9-7d8e-1f2a-3b4c5d6e7f8a,20,4,0.3261,green
d4e5f6a7-b8c9-7d8e-1f2a-3b4c5d6e7f8a,21,4,0.339,green
d4e5f6a7-b8c9-7d8e-1f2a-3b4c5d6e7f8a,22,4,0.3156,green
d4e5f6a7-b8c9-7d8e-1f2a-3b4c5d6e7f8a,23,4,0.3267,green
d4e5f6a7-b8c9-7d8e-1f2a-3b4c5d6e7f8a,0,5,0.0479,green
d4e5f6a7-b8c9-7d8e-1f2a-3b4c5d6e7f8a,1,5,0.1202,green
d4e5f6a7-b8c9-7d8e-1f2a-3b4c5d6e7f8a,2,5,0.1663,green
d4e5f6a7-b8c9-7d8e-1f2a-3b4c5d6e7f8a,3,5,0.204,green
d4e5f6a7-b8c9-7d8e-1f2a-3b4c5d6e7f8a,4,5,0.118,green
d4e5f6a7-b8c9-7d8e-1f2a-3b4c5d6e7f8a,5,5,0.2378,green
d4e5f6a7-b8c9-7d8e-1f2a-3b4c5d6e7f8a,6,5,0.3259,green
d4e5f6a7-b8c9-7d8e-1f2a-3b4c5d6e7f8a,7,5,0.2922,green
d4e5f6a7-b8c9-7d8e-1f2a-3b4c5d6e7f8a,8,5,0.3271,green
d4e5f6a7-b8c9-7d8e-1f2a-3b4c5d6e7f8a,9,5,0.3751,green
d4e5f6a7-b8c9-7d8e-1f2a-3b4c5d6e7f8a,10,5,0.3724,green
d4e5f6a7-b8c9-7d8e-1f2a-3b4c5d6e7f8a,11,5,0.3863,green
d4e5f6a7-b8c9-7d8e-1f2a-3b4c5d6e7f8a,12,5,0.3354,green
d4e5f6a7-b8c9-7d8e-1f2a-3b4c5d6e7f8a,13,5,0.3088,green
d4e5f6a7-b8c9-7d8e-1f2a-3b4c5d6e7f8a,14,5,0.2264,green
d4e5f6a7-b8c9-7d8e-1f2a-3b4c5d6e7f8a,15,5,0.2214,green
d4e5f6a7-b8c9-7d8e-1f2a-3b4c5d6e7f8a,16,5,0.2606,green
d4e5f6a7-b8c9-7d8e-1f2a-3b4c5d6e7f8a,17,5,0.1617,green
d4e5f6a7-b8c9-7d8e-1f2a-3b4c5d6e7f8a,18,5,0.1441,green
d4e5f6a7-b8c9-7d8e-1f2a-3b4c5d6e7f8a,19,5,0.1145,green
d4e5f6a7-b8c9-7d8e-1f2a-3b4c5d6e7f8a,20,5,0.1699,green
d4e5f6a7-b8c9-7d8e-1f2a-3b4c5d6e7f8a,21,5,0.0827,green
d4e5f6a7-b8c9-7d8e-1f2a-3b4c5d6e7f8a,22,5,0.1682,green
d4e5f6a7-b8c9-7d8e-1f2a-3b4c5d6e7f8a,23,5,0.0744,green
d4e5f6a7-b8c9-7d8e-1f2a-3b4c5d6e7f8a,0,6,0.0777,green
d4e5f6a7-b8c9-7d8e-1f2a-3b4c5d6e7f8a,1,6,0.1494,green
d4e5f6a7-b8c9-7d8e-1f2a-3b4c5d6e7f8a,2,6,0.159,green
d4e5f6a7-b8c9-7d8e-1f2a-3b4c5d6e7f8a,3,6,0.1868,green
d4e5f6a7-b8c9-7d8e-1f2a-3b4c5d6e7f8a,4,6,0.251,green
d4e5f6a7-b8c9-7d8e-1f2a-3b4c5d6e7f8a,5,6,0.2093,green
d4e5f6a7-b8c9-7d8e-1f2a-3b4c5d6e7f8a,6,6,0.2877,green
d4e5f6a7-b8c9-7d8e-1f2a-3b4c5d6e7f8a,7,6,0.2557,green
d4e5f6a7-b8c9-7d8e-1f2a-3b4c5d6e7f8a,8,6,0.3948,green
d4e5f6a7-b8c9-7d8e-1f2a-3b4c5d6e7f8a,9,6,0.3842,green
d4e5f6a7-b8c9-7d8e-1f2a-3b4c5d6e7f8a,10,6,0.3868,green
d4e5f6a7-b8c9-7d8e-1f2a-3b4c5d6e7f8a,11,6,0.362,green
d4e5f6a7-b8c9-7d8e-1f2a-3b4c5d6e7f8a,12,6,0.2925,green
d4e5f6a7-b8c9-7d8e-1f2a-3b4c5d6e7f8a,13,6,0.2848,green
d4e5f6a7-b8c9-7d8e-1f2a-3b4c5d6e7f8a,14,6,0.2907,green
d4e5f6a7-b8c9-7d8e-1f2a-3b4c5d6e7f8a,15,6,0.2289,green
d4e5f6a7-b8c9-7d8e-1f2a-3b4c5d6e7f8a,16,6,0.2041,green
d4e5f6a7-b8c9-7d8e-1f2a-3b4c5d6e7f8a,17,6,0.1039,green
d4e5f6a7-b8c9-7d8e-1f2a-3b4c5d6e7f8a,18,6,0.1615,green
d4e5f6a7-b8c9-7d8e-1f2a-3b4c5d6e7f8a,19,6,0.1045,green
d4e5f6a7-b8c9-7d8e-1f2a-3b4c5d6e7f8a,20,6,0.0764,green
d4e5f6a7-b8c9-7d8e-1f2a-3b4c5d6e7f8a,21,6,0.1177,green
d4e5f6a7-b8c9-7d8e-1f2a-3b4c5d6e7f8a,22,6,0.0298,green
d4e5f6a7-b8c9-7d8e-1f2a-3b4c5d6e7f8a,23,6,0.1561,green
e5f6a7b8-c9d0-8e9f-2a3b-4c5d6e7f8a9b,0,0,0.369,green
e5f6a7b8-c9d0-8e9f-2a3b-4c5d6e7f8a9b,1,0,0.3451,green
e5f6a7b8-c9d0-8e9f-2a3b-4c5d6e7f8a9b,2,0,0.3315,green
e5f6a7b8-c9d0-8e9f-2a3b-4c5d6e7f8a9b,3,0,0.3825,green
e5f6a7b8-c9d0-8e9f-2a3b-4c5d6e7f8a9b,4,0,0.4872,green
e5f6a7b8-c9d0-8e9f-2a3b-4c5d6e7f8a9b,5,0,0.4535,green
e5f6a7b8-c9d0-8e9f-2a3b-4c5d6e7f8a9b,6,0,0.6729,yellow
e5f6a7b8-c9d0-8e9f-2a3b-4c5d6e7f8a9b,7,0,0.7861,yellow
e5f6a7b8-c9d0-8e9f-2a3b-4c5d6e7f8a9b,8,0,0.8139,yellow
e5f6a7b8-c9d0-8e9f-2a3b-4c5d6e7f8a9b,9,0,0.8568,red
e5f6a7b8-c9d0-8e9f-2a3b-4c5d6e7f8a9b,10,0,0.9091,red
e5f6a7b8-c9d0-8e9f-2a3b-4c5d6e7f8a9b,11,0,0.8991,red
e5f6a7b8-c9d0-8e9f-2a3b-4c5d6e7f8a9b,12,0,0.8842,red
e5f6a7b8-c9d0-8e9f-2a3b-4c5d6e7f8a9b,13,0,0.7538,yellow
e5f6a7b8-c9d0-8e9f-2a3b-4c5d6e7f8a9b,14,0,0.6294,yellow
e5f6a7b8-c9d0-8e9f-2a3b-4c5d6e7f8a9b,15,0,0.5516,green
e5f6a7b8-c9d0-8e9f-2a3b-4c5d6e7f8a9b,16,0,0.5039,green
e5f6a7b8-c9d0-8e9f-2a3b-4c5d6e7f8a9b,17,0,0.5076,green
e5f6a7b8-c9d0-8e9f-2a3b-4c5d6e7f8a9b,18,0,0.3652,green
e5f6a7b8-c9d0-8e9f-2a3b-4c5d6e7f8a9b,19,0,0.2951,green
e5f6a7b8-c9d0-8e9f-2a3b-4c5d6e7f8a9b,20,0,0.2829,green
e5f6a7b8-c9d0-8e9f-2a3b-4c5d6e7f8a9b,21,0,0.2089,green
e5f6a7b8-c9d0-8e9f-2a3b-4c5d6e7f8a9b,22,0,0.3232,green
e5f6a7b8-c9d0-8e9f-2a3b-4c5d6e7f8a9b,23,0,0.235,green
e5f6a7b8-c9d0-8e9f-2a3b-4c5d6e7f8a9b,0,1,0.2647,green
e5f6a7b8-c9d0-8e9f-2a3b-4c5d6e7f8a9b,1,1,0.2489,green
e5f6a7b8-c9d0-8e9f-2a3b-4c5d6e7f8a9b,2,1,0.3253,green
e5f6a7b8-c9d0-8e9f-2a3b-4c5d6e7f8a9b,3,1,0.4582,green
e5f6a7b8-c9d0-8e9f-2a3b-4c5d6e7f8a9b,4,1,0.4292,green
e5f6a7b8-c9d0-8e9f-2a3b-4c5d6e7f8a9b,5,1,0.4872,green
e5f6a7b8-c9d0-8e9f-2a3b-4c5d6e7f8a9b,6,1,0.6728,yellow
e5f6a7b8-c9d0-8e9f-2a3b-4c5d6e7f8a9b,7,1,0.7358,yellow
e5f6a7b8-c9d0-8e9f-2a3b-4c5d6e7f8a9b,8,1,0.8511,red
e5f6a7b8-c9d0-8e9f-2a3b-4c5d6e7f8a9b,9,1,0.9186,red
e5f6a7b8-c9d0-8e9f-2a3b-4c5d6e7f8a9b,10,1,0.8996,red
e5f6a7b8-c9d0-8e9f-2a3b-4c5d6e7f8a9b,11,1,0.8167,yellow
e5f6a7b8-c9d0-8e9f-2a3b-4c5d6e7f8a9b,12,1,0.8233,yellow
e5f6a7b8-c9d0-8e9f-2a3b-4c5d6e7f8a9b,13,1,0.7779,yellow
e5f6a7b8-c9d0-8e9f-2a3b-4c5d6e7f8a9b,14,1,0.6348,yellow
e5f6a7b8-c9d0-8e9f-2a3b-4c5d6e7f8a9b,15,1,0.5028,green
e5f6a7b8-c9d0-8e9f-2a3b-4c5d6e7f8a9b,16,1,0.5499,green
e5f6a7b8-c9d0-8e9f-2a3b-4c5d6e7f8a9b,17,1,0.409,green
e5f6a7b8-c9d0-8e9f-2a3b-4c5d6e7f8a9b,18,1,0.3607,green
e5f6a7b8-c9d0-8e9f-2a3b-4c5d6e7f8a9b,19,1,0.3485,green
e5f6a7b8-c9d0-8e9f-2a3b-4c5d6e7f8a9b,20,1,0.3779,green
e5f6a7b8-c9d0-8e9f-2a3b-4c5d6e7f8a9b,21,1,0.3269,green
e5f6a7b8-c9d0-8e9f-2a3b-4c5d6e7f8a9b,22,1,0.29,green
e5f6a7b8-c9d0-8e9f-2a3b-4c5d6e7f8a9b,23,1,0.3372,green
e5f6a7b8-c9d0-8e9f-2a3b-4c5d6e7f8a9b,0,2,0.4337,green
e5f6a7b8-c9d0-8e9f-2a3b-4c5d6e7f8a9b,1,2,0.4171,green
e5f6a7b8-c9d0-8e9f-2a3b-4c5d6e7f8a9b,2,2,0.4148,green
e5f6a7b8-c9d0-8e9f-2a3b-4c5d6e7f8a9b,3,2,0.3736,green
e5f6a7b8-c9d0-8e9f-2a3b-4c5d6e7f8a9b,4,2,0.6824,yellow
e5f6a7b8-c9d0-8e9f-2a3b-4c5d6e7f8a9b,5,2,0.5148,green
e5f6a7b8-c9d0-8e9f-2a3b-4c5d6e7f8a9b,6,2,0.6453,yellow
e5f6a7b8-c9d0-8e9f-2a3b-4c5d6e7f8a9b,7,2,0.7179,yellow
e5f6a7b8-c9d0-8e9f-2a3b-4c5d6e7f8a9b,8,2,0.9108,red
e5f6a7b8-c9d0-8e9f-2a3b-4c5d6e7f8a9b,9,2,0.9026,red
e5f6a7b8-c9d0-8e9f-2a3b-4c5d6e7f8a9b,10,2,0.8286,yellow
e5f6a7b8-c9d0-8e9f-2a3b-4c5d6e7f8a9b,11,2,0.8949,red
e5f6a7b8-c9d0-8e9f-2a3b-4c5d6e7f8a9b,12,2,0.8568,red
e5f6a7b8-c9d0-8e9f-2a3b-4c5d6e7f8a9b,13,2,0.737,yellow
e5f6a7b8-c9d0-8e9f-2a3b-4c5d6e7f8a9b,14,2,0.6029,yellow
e5f6a7b8-c9d0-8e9f-2a3b-4c5d6e7f8a9b,15,2,0.5384,green
e5f6a7b8-c9d0-8e9f-2a3b-4c5d6e7f8a9b,16,2,0.4729,green
e5f6a7b8-c9d0-8e9f-2a3b-4c5d6e7f8a9b,17,2,0.4309,green
e5f6a7b8-c9d0-8e9f-2a3b-4c5d6e7f8a9b,18,2,0.3552,green
e5f6a7b8-c9d0-8e9f-2a3b-4c5d6e7f8a9b,19,2,0.3845,green
e5f6a7b8-c9d0-8e9f-2a3b-4c5d6e7f8a9b,20,2,0.2789,green
e5f6a7b8-c9d0-8e9f-2a3b-4c5d6e7f8a9b,21,2,0.2271,green
e5f6a7b8-c9d0-8e9f-2a3b-4c5d6e7f8a9b,22,2,0.2697,green
e5f6a7b8-c9d0-8e9f-2a3b-4c5d6e7f8a9b,23,2,0.3705,green
e5f6a7b8-c9d0-8e9f-2a3b-4c5d6e7f8a9b,0,3,0.2977,green
e5f6a7b8-c9d0-8e9f-2a3b-4c5d6e7f8a9b,1,3,0.4648,green
e5f6a7b8-c9d0-8e9f-2a3b-4c5d6e7f8a9b,2,3,0.4058,green
e5f6a7b8-c9d0-8e9f-2a3b-4c5d6e7f8a9b,3,3,0.3715,green
e5f6a7b8-c9d0-8e9f-2a3b-4c5d6e7f8a9b,4,3,0.4531,green
e5f6a7b8-c9d0-8e9f-2a3b-4c5d6e7f8a9b,5,3,0.5869,green
e5f6a7b8-c9d0-8e9f-2a3b-4c5d6e7f8a9b,6,3,0.605,yellow
e5f6a7b8-c9d0-8e9f-2a3b-4c5d6e7f8a9b,7,3,0.8716,red
e5f6a7b8-c9d0-8e9f-2a3b-4c5d6e7f8a9b,8,3,0.78,yellow
e5f6a7b8-c9d0-8e9f-2a3b-4c5d6e7f8a9b,9,3,0.9156,red
e5f6a7b8-c9d0-8e9f-2a3b-4c5d6e7f8a9b,10,3,0.973,red
e5f6a7b8-c9d0-8e9f-2a3b-4c5d6e7f8a9b,11,3,0.8761,red
e5f6a7b8-c9d0-8e9f-2a3b-4c5d6e7f8a9b,12,3,0.7797,yellow
e5f6a7b8-c9d0-8e9f-2a3b-4c5d6e7f8a9b,13,3,0.7393,yellow
e5f6a7b8-c9d0-8e9f-2a3b-4c5d6e7f8a9b,14,3,0.682,yellow
e5f6a7b8-c9d0-8e9f-2a3b-4c5d6e7f8a9b,15,3,0.6185,yellow
e5f6a7b8-c9d0-8e9f-2a3b-4c5d6e7f8a9b,16,3,0.4976,green
e5f6a7b8-c9d0-8e9f-2a3b-4c5d6e7f8a9b,17,3,0.3597,green
e5f6a7b8-c9d0-8e9f-2a3b-4c5d6e7f8a9b,18,3,0.3833,green
e5f6a7b8-c9d0-8e9f-2a3b-4c5d6e7f8a9b,19,3,0.3141,green
e5f6a7b8-c9d0-8e9f-2a3b-4c5d6e7f8a9b,20,3,0.2172,green
e5f6a7b8-c9d0-8e9f-2a3b-4c5d6e7f8a9b,21,3,0.2788,green
e5f6a7b8-c9d0-8e9f-2a3b-4c5d6e7f8a9b,22,3,0.235,green
e5f6a7b8-c9d0-8e9f-2a3b-4c5d6e7f8a9b,23,3,0.3324,green
e5f6a7b8-c9d0-8e9f-2a3b-4c5d6e7f8a9b,0,4,0.4236,green
e5f6a7b8-c9d0-8e9f-2a3b-4c5d6e7f8a9b,1,4,0.4407,green
e5f6a7b8-c9d0-8e9f-2a3b-4c5d6e7f8a9b,2,4,0.3525,green
e5f6a7b8-c9d0-8e9f-2a3b-4c5d6e7f8a9b,3,4,0.4064,green
e5f6a7b8-c9d0-8e9f-2a3b-4c5d6e7f8a9b,4,4,0.5292,green
e5f6a7b8-c9d0-8e9f-2a3b-4c5d6e7f8a9b,5,4,0.6278,yellow
e5f6a7b8-c9d0-8e9f-2a3b-4c5d6e7f8a9b,6,4,0.643,yellow
e5f6a7b8-c9d0-8e9f-2a3b-4c5d6e7f8a9b,7,4,0.7458,yellow
e5f6a7b8-c9d0-8e9f-2a3b-4c5d6e7f8a9b,8,4,0.9398,red
e5f6a7b8-c9d0-8e9f-2a3b-4c5d6e7f8a9b,9,4,0.8762,red
e5f6a7b8-c9d0-8e9f-2a3b-4c5d6e7f8a9b,10,4,0.8757,red
e5f6a7b8-c9d0-8e9f-2a3b-4c5d6e7f8a9b,11,4,0.8875,red
e5f6a7b8-c9d0-8e9f-2a3b-4c5d6e7f8a9b,12,4,0.8585,red
e5f6a7b8-c9d0-8e9f-2a3b-4c5d6e7f8a9b,13,4,0.7018,yellow
e5f6a7b8-c9d0-8e9f-2a3b-4c5d6e7f8a9b,14,4,0.6515,yellow
e5f6a7b8-c9d0-8e9f-2a3b-4c5d6e7f8a9b,15,4,0.5164,green
e5f6a7b8-c9d0-8e9f-2a3b-4c5d6e7f8a9b,16,4,0.4809,green
e5f6a7b8-c9d0-8e9f-2a3b-4c5d6e7f8a9b,17,4,0.5236,green
e5f6a7b8-c9d0-8e9f-2a3b-4c5d6e7f8a9b,18,4,0.4183,green
e5f6a7b8-c9d0-8e9f-2a3b-4c5d6e7f8a9b,19,4,0.3431,green
e5f6a7b8-c9d0-8e9f-2a3b-4c5d6e7f8a9b,20,4,0.2797,green
e5f6a7b8-c9d0-8e9f-2a3b-4c5d6e7f8a9b,21,4,0.2981,green
e5f6a7b8-c9d0-8e9f-2a3b-4c5d6e7f8a9b,22,4,0.3592,green
e5f6a7b8-c9d0-8e9f-2a3b-4c5d6e7f8a9b,23,4,0.275,green
e5f6a7b8-c9d0-8e9f-2a3b-4c5d6e7f8a9b,0,5,0.2031,green
e5f6a7b8-c9d0-8e9f-2a3b-4c5d6e7f8a9b,1,5,0.0704,green
e5f6a7b8-c9d0-8e9f-2a3b-4c5d6e7f8a9b,2,5,0.138,green
e5f6a7b8-c9d0-8e9f-2a3b-4c5d6e7f8a9b,3,5,0.259,green
e5f6a7b8-c9d0-8e9f-2a3b-4c5d6e7f8a9b,4,5,0.0975,green
e5f6a7b8-c9d0-8e9f-2a3b-4c5d6e7f8a9b,5,5,0.2893,green
e5f6a7b8-c9d0-8e9f-2a3b-4c5d6e7f8a9b,6,5,0.173,green
e5f6a7b8-c9d0-8e9f-2a3b-4c5d6e7f8a9b,7,5,0.2967,green
e5f6a7b8-c9d0-8e9f-2a3b-4c5d6e7f8a9b,8,5,0.3232,green
e5f6a7b8-c9d0-8e9f-2a3b-4c5d6e7f8a9b,9,5,0.3938,green
e5f6a7b8-c9d0-8e9f-2a3b-4c5d6e7f8a9b,10,5,0.2023,green
e5f6a7b8-c9d0-8e9f-2a3b-4c5d6e7f8a9b,11,5,0.2567,green
e5f6a7b8-c9d0-8e9f-2a3b-4c5d6e7f8a9b,12,5,0.3035,green
e5f6a7b8-c9d0-8e9f-2a3b-4c5d6e7f8a9b,13,5,0.303,green
e5f6a7b8-c9d0-8e9f-2a3b-4c5d6e7f8a9b,14,5,0.2209,green
e5f6a7b8-c9d0-8e9f-2a3b-4c5d6e7f8a9b,15,5,0.2188,green
e5f6a7b8-c9d0-8e9f-2a3b-4c5d6e7f8a9b,16,5,0.1386,green
e5f6a7b8-c9d0-8e9f-2a3b-4c5d6e7f8a9b,17,5,0.1518,green
e5f6a7b8-c9d0-8e9f-2a3b-4c5d6e7f8a9b,18,5,0.1101,green
e5f6a7b8-c9d0-8e9f-2a3b-4c5d6e7f8a9b,19,5,0.1513,green
e5f6a7b8-c9d0-8e9f-2a3b-4c5d6e7f8a9b,20,5,0.1596,green
e5f6a7b8-c9d0-8e9f-2a3b-4c5d6e7f8a9b,21,5,0.1971,green
e5f6a7b8-c9d0-8e9f-2a3b-4c5d6e7f8a9b,22,5,0.0898,green
e5f6a7b8-c9d0-8e9f-2a3b-4c5d6e7f8a9b,23,5,0.1053,green
e5f6a7b8-c9d0-8e9f-2a3b-4c5d6e7f8a9b,0,6,0.1329,green
e5f6a7b8-c9d0-8e9f-2a3b-4c5d6e7f8a9b,1,6,0.1243,green
e5f6a7b8-c9d0-8e9f-2a3b-4c5d6e7f8a9b,2,6,0.1499,green
e5f6a7b8-c9d0-8e9f-2a3b-4c5d6e7f8a9b,3,6,0.0938,green
e5f6a7b8-c9d0-8e9f-2a3b-4c5d6e7f8a9b,4,6,0.2165,green
e5f6a7b8-c9d0-8e9f-2a3b-4c5d6e7f8a9b,5,6,0.1841,green
e5f6a7b8-c9d0-8e9f-2a3b-4c5d6e7f8a9b,6,6,0.2177,green
e5f6a7b8-c9d0-8e9f-2a3b-4c5d6e7f8a9b,7,6,0.2218,green
e5f6a7b8-c9d0-8e9f-2a3b-4c5d6e7f8a9b,8,6,0.3898,green
e5f6a7b8-c9d0-8e9f-2a3b-4c5d6e7f8a9b,9,6,0.3456,green
e5f6a7b8-c9d0-8e9f-2a3b-4c5d6e7f8a9b,10,6,0.4175,green
e5f6a7b8-c9d0-8e9f-2a3b-4c5d6e7f8a9b,11,6,0.3662,green
e5f6a7b8-c9d0-8e9f-2a3b-4c5d6e7f8a9b,12,6,0.2466,green
e5f6a7b8-c9d0-8e9f-2a3b-4c5d6e7f8a9b,13,6,0.247,green
e5f6a7b8-c9d0-8e9f-2a3b-4c5d6e7f8a9b,14,6,0.3035,green
e5f6a7b8-c9d0-8e9f-2a3b-4c5d6e7f8a9b,15,6,0.1916,green
e5f6a7b8-c9d0-8e9f-2a3b-4c5d6e7f8a9b,16,6,0.1434,green
e5f6a7b8-c9d0-8e9f-2a3b-4c5d6e7f8a9b,17,6,0.1629,green
e5f6a7b8-c9d0-8e9f-2a3b-4c5d6e7f8a9b,18,6,0.1436,green
e5f6a7b8-c9d0-8e9f-2a3b-4c5d6e7f8a9b,19,6,0.0885,green
e5f6a7b8-c9d0-8e9f-2a3b-4c5d6e7f8a9b,20,6,0.1142,green
e5f6a7b8-c9d0-8e9f-2a3b-4c5d6e7f8a9b,21,6,0.1015,green
e5f6a7b8-c9d0-8e9f-2a3b-4c5d6e7f8a9b,22,6,0.0,green
e5f6a7b8-c9d0-8e9f-2a3b-4c5d6e7f8a9b,23,6,0.1464,green
f6a7b8c9-d0e1-9f0a-3b4c-5d6e7f8a9b0c,0,0,0.2858,green
f6a7b8c9-d0e1-9f0a-3b4c-5d6e7f8a9b0c,1,0,0.413,green
f6a7b8c9-d0e1-9f0a-3b4c-5d6e7f8a9b0c,2,0,0.3237,green
f6a7b8c9-d0e1-9f0a-3b4c-5d6e7f8a9b0c,3,0,0.3508,green
f6a7b8c9-d0e1-9f0a-3b4c-5d6e7f8a9b0c,4,0,0.5542,green
f6a7b8c9-d0e1-9f0a-3b4c-5d6e7f8a9b0c,5,0,0.4954,green
f6a7b8c9-d0e1-9f0a-3b4c-5d6e7f8a9b0c,6,0,0.6321,yellow
f6a7b8c9-d0e1-9f0a-3b4c-5d6e7f8a9b0c,7,0,0.7828,yellow
f6a7b8c9-d0e1-9f0a-3b4c-5d6e7f8a9b0c,8,0,0.813,yellow
f6a7b8c9-d0e1-9f0a-3b4c-5d6e7f8a9b0c,9,0,0.7988,yellow
f6a7b8c9-d0e1-9f0a-3b4c-5d6e7f8a9b0c,10,0,0.9094,red
f6a7b8c9-d0e1-9f0a-3b4c-5d6e7f8a9b0c,11,0,0.8718,red
f6a7b8c9-d0e1-9f0a-3b4c-5d6e7f8a9b0c,12,0,0.8937,red
f6a7b8c9-d0e1-9f0a-3b4c-5d6e7f8a9b0c,13,0,0.7823,yellow
f6a7b8c9-d0e1-9f0a-3b4c-5d6e7f8a9b0c,14,0,0.8157,yellow
f6a7b8c9-d0e1-9f0a-3b4c-5d6e7f8a9b0c,15,0,0.4924,green
f6a7b8c9-d0e1-9f0a-3b4c-5d6e7f8a9b0c,16,0,0.4937,green
f6a7b8c9-d0e1-9f0a-3b4c-5d6e7f8a9b0c,17,0,0.3764,green
f6a7b8c9-d0e1-9f0a-3b4c-5d6e7f8a9b0c,18,0,0.4389,green
f6a7b8c9-d0e1-9f0a-3b4c-5d6e7f8a9b0c,19,0,0.3888,green
f6a7b8c9-d0e1-9f0a-3b4c-5d6e7f8a9b0c,20,0,0.3641,green
f6a7b8c9-d0e1-9f0a-3b4c-5d6e7f8a9b0c,21,0,0.2748,green
f6a7b8c9-d0e1-9f0a-3b4c-5d6e7f8a9b0c,22,0,0.2694,green
f6a7b8c9-d0e1-9f0a-3b4c-5d6e7f8a9b0c,23,0,0.2016,green
f6a7b8c9-d0e1-9f0a-3b4c-5d6e7f8a9b0c,0,1,0.4118,green
f6a7b8c9-d0e1-9f0a-3b4c-5d6e7f8a9b0c,1,1,0.3731,green
f6a7b8c9-d0e1-9f0a-3b4c-5d6e7f8a9b0c,2,1,0.3682,green
f6a7b8c9-d0e1-9f0a-3b4c-5d6e7f8a9b0c,3,1,0.4764,green
f6a7b8c9-d0e1-9f0a-3b4c-5d6e7f8a9b0c,4,1,0.5323,green
f6a7b8c9-d0e1-9f0a-3b4c-5d6e7f8a9b0c,5,1,0.6235,yellow
f6a7b8c9-d0e1-9f0a-3b4c-5d6e7f8a9b0c,6,1,0.5827,green
f6a7b8c9-d0e1-9f0a-3b4c-5d6e7f8a9b0c,7,1,0.7172,yellow
f6a7b8c9-d0e1-9f0a-3b4c-5d6e7f8a9b0c,8,1,0.8393,yellow
f6a7b8c9-d0e1-9f0a-3b4c-5d6e7f8a9b0c,9,1,0.8993,red
f6a7b8c9-d0e1-9f0a-3b4c-5d6e7f8a9b0c,10,1,0.9479,red
f6a7b8c9-d0e1-9f0a-3b4c-5d6e7f8a9b0c,11,1,0.8311,yellow
f6a7b8c9-d0e1-9f0a-3b4c-5d6e7f8a9b0c,12,1,0.8359,yellow
f6a7b8c9-d0e1-9f0a-3b4c-5d6e7f8a9b0c,13,1,0.8632,red
f6a7b8c9-d0e1-9f0a-3b4c-5d6e7f8a9b0c,14,1,0.6985,yellow
f6a7b8c9-d0e1-9f0a-3b4c-5d6e7f8a9b0c,15,1,0.6182,yellow
f6a7b8c9-d0e1-9f0a-3b4c-5d6e7f8a9b0c,16,1,0.4938,green
f6a7b8c9-d0e1-9f0a-3b4c-5d6e7f8a9b0c,17,1,0.4681,green
f6a7b8c9-d0e1-9f0a-3b4c-5d6e7f8a9b0c,18,1,0.4714,green
f6a7b8c9-d0e1-9f0a-3b4c-5d6e7f8a9b0c,19,1,0.3531,green
f6a7b8c9-d0e1-9f0a-3b4c-5d6e7f8a9b0c,20,1,0.3876,green
f6a7b8c9-d0e1-9f0a-3b4c-5d6e7f8a9b0c,21,1,0.2699,green
f6a7b8c9-d0e1-9f0a-3b4c-5d6e7f8a9b0c,22,1,0.3362,green
f6a7b8c9-d0e1-9f0a-3b4c-5d6e7f8a9b0c,23,1,0.3483,green
f6a7b8c9-d0e1-9f0a-3b4c-5d6e7f8a9b0c,0,2,0.2888,green
f6a7b8c9-d0e1-9f0a-3b4c-5d6e7f8a9b0c,1,2,0.4026,green
f6a7b8c9-d0e1-9f0a-3b4c-5d6e7f8a9b0c,2,2,0.3474,green
f6a7b8c9-d0e1-9f0a-3b4c-5d6e7f8a9b0c,3,2,0.3895,green
f6a7b8c9-d0e1-9f0a-3b4c-5d6e7f8a9b0c,4,2,0.4947,green
f6a7b8c9-d0e1-9f0a-3b4c-5d6e7f8a9b0c,5,2,0.6713,yellow
f6a7b8c9-d0e1-9f0a-3b4c-5d6e7f8a9b0c,6,2,0.6794,yellow
f6a7b8c9-d0e1-9f0a-3b4c-5d6e7f8a9b0c,7,2,0.7997,yellow
f6a7b8c9-d0e1-9f0a-3b4c-5d6e7f8a9b0c,8,2,0.7929,yellow
f6a7b8c9-d0e1-9f0a-3b4c-5d6e7f8a9b0c,9,2,0.8854,red
f6a7b8c9-d0e1-9f0a-3b4c-5d6e7f8a9b0c,10,2,0.8412,yellow
f6a7b8c9-d0e1-9f0a-3b4c-5d6e7f8a9b0c,11,2,0.853,red
f6a7b8c9-d0e1-9f0a-3b4c-5d6e7f8a9b0c,12,2,0.8713,red
f6a7b8c9-d0e1-9f0a-3b4c-5d6e7f8a9b0c,13,2,0.751,yellow
f6a7b8c9-d0e1-9f0a-3b4c-5d6e7f8a9b0c,14,2,0.7365,yellow
f6a7b8c9-d0e1-9f0a-3b4c-5d6e7f8a9b0c,15,2,0.5646,green
f6a7b8c9-d0e1-9f0a-3b4c-5d6e7f8a9b0c,16,2,0.4849,green
f6a7b8c9-d0e1-9f0a-3b4c-5d6e7f8a9b0c,17,2,0.4936,green
f6a7b8c9-d0e1-9f0a-3b4c-5d6e7f8a9b0c,18,2,0.3488,green
f6a7b8c9-d0e1-9f0a-3b4c-5d6e7f8a9b0c,19,2,0.2717,green
f6a7b8c9-d0e1-9f0a-3b4c-5d6e7f8a9b0c,20,2,0.3914,green
f6a7b8c9-d0e1-9f0a-3b4c-5d6e7f8a9b0c,21,2,0.3344,green
f6a7b8c9-d0e1-9f0a-3b4c-5d6e7f8a9b0c,22,2,0.1984,green
f6a7b8c9-d0e1-9f0a-3b4c-5d6e7f8a9b0c,23,2,0.3053,green
f6a7b8c9-d0e1-9f0a-3b4c-5d6e7f8a9b0c,0,3,0.3062,green
f6a7b8c9-d0e1-9f0a-3b4c-5d6e7f8a9b0c,1,3,0.435,green
f6a7b8c9-d0e1-9f0a-3b4c-5d6e7f8a9b0c,2,3,0.3448,green
f6a7b8c9-d0e1-9f0a-3b4c-5d6e7f8a9b0c,3,3,0.4007,green
f6a7b8c9-d0e1-9f0a-3b4c-5d6e7f8a9b0c,4,3,0.4493,green
f6a7b8c9-d0e1-9f0a-3b4c-5d6e7f8a9b0c,5,3,0.522,green
f6a7b8c9-d0e1-9f0a-3b4c-5d6e7f8a9b0c,6,3,0.6289,yellow
f6a7b8c9-d0e1-9f0a-3b4c-5d6e7f8a9b0c,7,3,0.6811,yellow
f6a7b8c9-d0e1-9f0a-3b4c-5d6e7f8a9b0c,8,3,0.7779,yellow
f6a7b8c9-d0e1-9f0a-3b4c-5d6e7f8a9b0c,9,3,0.8012,yellow
f6a7b8c9-d0e1-9f0a-3b4c-5d6e7f8a9b0c,10,3,0.8251,yellow
f6a7b8c9-d0e1-9f0a-3b4c-5d6e7f8a9b0c,11,3,0.8036,yellow
f6a7b8c9-d0e1-9f0a-3b4c-5d6e7f8a9b0c,12,3,0.8034,yellow
f6a7b8c9-d0e1-9f0a-3b4c-5d6e7f8a9b0c,13,3,0.7187,yellow
f6a7b8c9-d0e1-9f0a-3b4c-5d6e7f8a9b0c,14,3,0.6026,yellow
f6a7b8c9-d0e1-9f0a-3b4c-5d6e7f8a9b0c,15,3,0.5986,green
f6a7b8c9-d0e1-9f0a-3b4c-5d6e7f8a9b0c,16,3,0.4924,green
f6a7b8c9-d0e1-9f0a-3b4c-5d6e7f8a9b0c,17,3,0.4082,green
f6a7b8c9-d0e1-9f0a-3b4c-5d6e7f8a9b0c,18,3,0.358,green
f6a7b8c9-d0e1-9f0a-3b4c-5d6e7f8a9b0c,19,3,0.4274,green
f6a7b8c9-d0e1-9f0a-3b4c-5d6e7f8a9b0c,20,3,0.3384,green
f6a7b8c9-d0e1-9f0a-3b4c-5d6e7f8a9b0c,21,3,0.3374,green
f6a7b8c9-d0e1-9f0a-3b4c-5d6e7f8a9b0c,22,3,0.1774,green
f6a7b8c9-d0e1-9f0a-3b4c-5d6e7f8a9b0c,23,3,0.2704,green
f6a7b8c9-d0e1-9f0a-3b4c-5d6e7f8a9b0c,0,4,0.2178,green
f6a7b8c9-d0e1-9f0a-3b4c-5d6e7f8a9b0c,1,4,0.3264,green
f6a7b8c9-d0e1-9f0a-3b4c-5d6e7f8a9b0c,2,4,0.3999,green
f6a7b8c9-d0e1-9f0a-3b4c-5d6e7f8a9b0c,3,4,0.396,green
f6a7b8c9-d0e1-9f0a-3b4c-5d6e7f8a9b0c,4,4,0.5207,green
f6a7b8c9-d0e1-9f0a-3b4c-5d6e7f8a9b0c,5,4,0.5236,green
f6a7b8c9-d0e1-9f0a-3b4c-5d6e7f8a9b0c,6,4,0.6927,yellow
f6a7b8c9-d0e1-9f0a-3b4c-5d6e7f8a9b0c,7,4,0.6752,yellow
f6a7b8c9-d0e1-9f0a-3b4c-5d6e7f8a9b0c,8,4,0.8164,yellow
f6a7b8c9-d0e1-9f0a-3b4c-5d6e7f8a9b0c,9,4,0.9025,red
f6a7b8c9-d0e1-9f0a-3b4c-5d6e7f8a9b0c,10,4,0.9268,red
f6a7b8c9-d0e1-9f0a-3b4c-5d6e7f8a9b0c,11,4,0.8752,red
f6a7b8c9-d0e1-9f0a-3b4c-5d6e7f8a9b0c,12,4,0.9265,red
f6a7b8c9-d0e1-9f0a-3b4c-5d6e7f8a9b0c,13,4,0.7322,yellow
f6a7b8c9-d0e1-9f0a-3b4c-5d6e7f8a9b0c,14,4,0.6414,yellow
f6a7b8c9-d0e1-9f0a-3b4c-5d6e7f8a9b0c,15,4,0.4367,green
f6a7b8c9-d0e1-9f0a-3b4c-5d6e7f8a9b0c,16,4,0.5832,green
f6a7b8c9-d0e1-9f0a-3b4c-5d6e7f8a9b0c,17,4,0.4113,green
f6a7b8c9-d0e1-9f0a-3b4c-5d6e7f8a9b0c,18,4,0.3224,green
f6a7b8c9-d0e1-9f0a-3b4c-5d6e7f8a9b0c,19,4,0.4138,green
f6a7b8c9-d0e1-9f0a-3b4c-5d6e7f8a9b0c,20,4,0.3881,green
f6a7b8c9-d0e1-9f0a-3b4c-5d6e7f8a9b0c,21,4,0.3191,green
f6a7b8c9-d0e1-9f0a-3b4c-5d6e7f8a9b0c,22,4,0.2349,green
f6a7b8c9-d0e1-9f0a-3b4c-5d6e7f8a9b0c,23,4,0.324,green
f6a7b8c9-d0e1-9f0a-3b4c-5d6e7f8a9b0c,0,5,0.0995,green
f6a7b8c9-d0e1-9f0a-3b4c-5d6e7f8a9b0c,1,5,0.0806,green
f6a7b8c9-d0e1-9f0a-3b4c-5d6e7f8a9b0c,2,5,0.2046,green
f6a7b8c9-d0e1-9f0a-3b4c-5d6e7f8a9b0c,3,5,0.0653,green
f6a7b8c9-d0e1-9f0a-3b4c-5d6e7f8a9b0c,4,5,0.2263,green
f6a7b8c9-d0e1-9f0a-3b4c-5d6e7f8a9b0c,5,5,0.2528,green
f6a7b8c9-d0e1-9f0a-3b4c-5d6e7f8a9b0c,6,5,0.3681,green
f6a7b8c9-d0e1-9f0a-3b4c-5d6e7f8a9b0c,7,5,0.3174,green
f6a7b8c9-d0e1-9f0a-3b4c-5d6e7f8a9b0c,8,5,0.2289,green
f6a7b8c9-d0e1-9f0a-3b4c-5d6e7f8a9b0c,9,5,0.3108,green
f6a7b8c9-d0e1-9f0a-3b4c-5d6e7f8a9b0c,10,5,0.3632,green
f6a7b8c9-d0e1-9f0a-3b4c-5d6e7f8a9b0c,11,5,0.3704,green
f6a7b8c9-d0e1-9f0a-3b4c-5d6e7f8a9b0c,12,5,0.3808,green
f6a7b8c9-d0e1-9f0a-3b4c-5d6e7f8a9b0c,13,5,0.2032,green
f6a7b8c9-d0e1-9f0a-3b4c-5d6e7f8a9b0c,14,5,0.2491,green
f6a7b8c9-d0e1-9f0a-3b4c-5d6e7f8a9b0c,15,5,0.2784,green
f6a7b8c9-d0e1-9f0a-3b4c-5d6e7f8a9b0c,16,5,0.2751,green
f6a7b8c9-d0e1-9f0a-3b4c-5d6e7f8a9b0c,17,5,0.265,green
f6a7b8c9-d0e1-9f0a-3b4c-5d6e7f8a9b0c,18,5,0.133,green
f6a7b8c9-d0e1-9f0a-3b4c-5d6e7f8a9b0c,19,5,0.194,green
f6a7b8c9-d0e1-9f0a-3b4c-5d6e7f8a9b0c,20,5,0.2161,green
f6a7b8c9-d0e1-9f0a-3b4c-5d6e7f8a9b0c,21,5,0.1854,green
f6a7b8c9-d0e1-9f0a-3b4c-5d6e7f8a9b0c,22,5,0.1589,green
f6a7b8c9-d0e1-9f0a-3b4c-5d6e7f8a9b0c,23,5,0.1626,green
f6a7b8c9-d0e1-9f0a-3b4c-5d6e7f8a9b0c,0,6,0.0911,green
f6a7b8c9-d0e1-9f0a-3b4c-5d6e7f8a9b0c,1,6,0.0667,green
f6a7b8c9-d0e1-9f0a-3b4c-5d6e7f8a9b0c,2,6,0.2016,green
f6a7b8c9-d0e1-9f0a-3b4c-5d6e7f8a9b0c,3,6,0.1546,green
f6a7b8c9-d0e1-9f0a-3b4c-5d6e7f8a9b0c,4,6,0.1965,green
f6a7b8c9-d0e1-9f0a-3b4c-5d6e7f8a9b0c,5,6,0.2009,green
f6a7b8c9-d0e1-9f0a-3b4c-5d6e7f8a9b0c,6,6,0.2459,green
f6a7b8c9-d0e1-9f0a-3b4c-5d6e7f8a9b0c,7,6,0.3128,green
f6a7b8c9-d0e1-9f0a-3b4c-5d6e7f8a9b0c,8,6,0.2807,green
f6a7b8c9-d0e1-9f0a-3b4c-5d6e7f8a9b0c,9,6,0.356,green
f6a7b8c9-d0e1-9f0a-3b4c-5d6e7f8a9b0c,10,6,0.3723,green
f6a7b8c9-d0e1-9f0a-3b4c-5d6e7f8a9b0c,11,6,0.3487,green
f6a7b8c9-d0e1-9f0a-3b4c-5d6e7f8a9b0c,12,6,0.2946,green
f6a7b8c9-d0e1-9f0a-3b4c-5d6e7f8a9b0c,13,6,0.3405,green
f6a7b8c9-d0e1-9f0a-3b4c-5d6e7f8a9b0c,14,6,0.3592,green
f6a7b8c9-d0e1-9f0a-3b4c-5d6e7f8a9b0c,15,6,0.1998,green
f6a7b8c9-d0e1-9f0a-3b4c-5d6e7f8a9b0c,16,6,0.2596,green
f6a7b8c9-d0e1-9f0a-3b4c-5d6e7f8a9b0c,17,6,0.2164,green
f6a7b8c9-d0e1-9f0a-3b4c-5d6e7f8a9b0c,18,6,0.0198,green
f6a7b8c9-d0e1-9f0a-3b4c-5d6e7f8a9b0c,19,6,0.101,green
f6a7b8c9-d0e1-9f0a-3b4c-5d6e7f8a9b0c,20,6,0.0988,green
f6a7b8c9-d0e1-9f0a-3b4c-5d6e7f8a9b0c,21,6,0.1646,green
f6a7b8c9-d0e1-9f0a-3b4c-5d6e7f8a9b0c,22,6,0.1321,green
f6a7b8c9-d0e1-9f0a-3b4c-5d6e7f8a9b0c,23,6,0.1449,green
a7b8c9d0-e1f2-0a1b-4c5d-6e7f8a9b0c1d,0,0,0.3582,green
a7b8c9d0-e1f2-0a1b-4c5d-6e7f8a9b0c1d,1,0,0.3028,green
a7b8c9d0-e1f2-0a1b-4c5d-6e7f8a9b0c1d,2,0,0.3439,green
a7b8c9d0-e1f2-0a1b-4c5d-6e7f8a9b0c1d,3,0,0.3686,green
a7b8c9d0-e1f2-0a1b-4c5d-6e7f8a9b0c1d,4,0,0.4863,green
a7b8c9d0-e1f2-0a1b-4c5d-6e7f8a9b0c1d,5,0,0.5687,green
a7b8c9d0-e1f2-0a1b-4c5d-6e7f8a9b0c1d,6,0,0.6725,yellow
a7b8c9d0-e1f2-0a1b-4c5d-6e7f8a9b0c1d,7,0,0.7165,yellow
a7b8c9d0-e1f2-0a1b-4c5d-6e7f8a9b0c1d,8,0,0.8748,red
a7b8c9d0-e1f2-0a1b-4c5d-6e7f8a9b0c1d,9,0,0.9274,red
a7b8c9d0-e1f2-0a1b-4c5d-6e7f8a9b0c1d,10,0,0.9773,red
a7b8c9d0-e1f2-0a1b-4c5d-6e7f8a9b0c1d,11,0,0.9171,red
a7b8c9d0-e1f2-0a1b-4c5d-6e7f8a9b0c1d,12,0,0.8388,yellow
a7b8c9d0-e1f2-0a1b-4c5d-6e7f8a9b0c1d,13,0,0.7865,yellow
a7b8c9d0-e1f2-0a1b-4c5d-6e7f8a9b0c1d,14,0,0.6944,yellow
a7b8c9d0-e1f2-0a1b-4c5d-6e7f8a9b0c1d,15,0,0.5421,green
a7b8c9d0-e1f2-0a1b-4c5d-6e7f8a9b0c1d,16,0,0.5593,green
a7b8c9d0-e1f2-0a1b-4c5d-6e7f8a9b0c1d,17,0,0.5157,green
a7b8c9d0-e1f2-0a1b-4c5d-6e7f8a9b0c1d,18,0,0.48,green
a7b8c9d0-e1f2-0a1b-4c5d-6e7f8a9b0c1d,19,0,0.3495,green
a7b8c9d0-e1f2-0a1b-4c5d-6e7f8a9b0c1d,20,0,0.3426,green
a7b8c9d0-e1f2-0a1b-4c5d-6e7f8a9b0c1d,21,0,0.3345,green
a7b8c9d0-e1f2-0a1b-4c5d-6e7f8a9b0c1d,22,0,0.3065,green
a7b8c9d0-e1f2-0a1b-4c5d-6e7f8a9b0c1d,23,0,0.334,green
a7b8c9d0-e1f2-0a1b-4c5d-6e7f8a9b0c1d,0,1,0.3203,green
a7b8c9d0-e1f2-0a1b-4c5d-6e7f8a9b0c1d,1,1,0.338,green
a7b8c9d0-e1f2-0a1b-4c5d-6e7f8a9b0c1d,2,1,0.4692,green
a7b8c9d0-e1f2-0a1b-4c5d-6e7f8a9b0c1d,3,1,0.438,green
a7b8c9d0-e1f2-0a1b-4c5d-6e7f8a9b0c1d,4,1,0.4981,green
a7b8c9d0-e1f2-0a1b-4c5d-6e7f8a9b0c1d,5,1,0.6188,yellow
a7b8c9d0-e1f2-0a1b-4c5d-6e7f8a9b0c1d,6,1,0.6714,yellow
a7b8c9d0-e1f2-0a1b-4c5d-6e7f8a9b0c1d,7,1,0.7675,yellow
a7b8c9d0-e1f2-0a1b-4c5d-6e7f8a9b0c1d,8,1,0.8263,yellow
a7b8c9d0-e1f2-0a1b-4c5d-6e7f8a9b0c1d,9,1,0.8205,yellow
a7b8c9d0-e1f2-0a1b-4c5d-6e7f8a9b0c1d,10,1,0.8985,red
a7b8c9d0-e1f2-0a1b-4c5d-6e7f8a9b0c1d,11,1,0.8247,yellow
a7b8c9d0-e1f2-0a1b-4c5d-6e7f8a9b0c1d,12,1,0.84,yellow
a7b8c9d0-e1f2-0a1b-4c5d-6e7f8a9b0c1d,13,1,0.6938,yellow
a7b8c9d0-e1f2-0a1b-4c5d-6e7f8a9b0c1d,14,1,0.7098,yellow
a7b8c9d0-e1f2-0a1b-4c5d-6e7f8a9b0c1d,15,1,0.6122,yellow
a7b8c9d0-e1f2-0a1b-4c5d-6e7f8a9b0c1d,16,1,0.5088,green
a7b8c9d0-e1f2-0a1b-4c5d-6e7f8a9b0c1d,17,1,0.4248,green
a7b8c9d0-e1f2-0a1b-4c5d-6e7f8a9b0c1d,18,1,0.402,green
a7b8c9d0-e1f2-0a1b-4c5d-6e7f8a9b0c1d,19,1,0.2495,green
a7b8c9d0-e1f2-0a1b-4c5d-6e7f8a9b0c1d,20,1,0.2715,green
a7b8c9d0-e1f2-0a1b-4c5d-6e7f8a9b0c1d,21,1,0.3062,green
a7b8c9d0-e1f2-0a1b-4c5d-6e7f8a9b0c1d,22,1,0.3239,green
a7b8c9d0-e1f2-0a1b-4c5d-6e7f8a9b0c1d,23,1,0.2991,green
a7b8c9d0-e1f2-0a1b-4c5d-6e7f8a9b0c1d,0,2,0.2761,green
a7b8c9d0-e1f2-0a1b-4c5d-6e7f8a9b0c1d,1,2,0.3544,green
a7b8c9d0-e1f2-0a1b-4c5d-6e7f8a9b0c1d,2,2,0.3585,green
a7b8c9d0-e1f2-0a1b-4c5d-6e7f8a9b0c1d,3,2,0.3763,green
a7b8c9d0-e1f2-0a1b-4c5d-6e7f8a9b0c1d,4,2,0.5113,green
a7b8c9d0-e1f2-0a1b-4c5d-6e7f8a9b0c1d,5,2,0.5642,green
a7b8c9d0-e1f2-0a1b-4c5d-6e7f8a9b0c1d,6,2,0.7237,yellow
a7b8c9d0-e1f2-0a1b-4c5d-6e7f8a9b0c1d,7,2,0.7862,yellow
a7b8c9d0-e1f2-0a1b-4c5d-6e7f8a9b0c1d,8,2,0.8662,red
a7b8c9d0-e1f2-0a1b-4c5d-6e7f8a9b0c1d,9,2,0.8976,red
a7b8c9d0-e1f2-0a1b-4c5d-6e7f8a9b0c1d,10,2,0.8577,red
a7b8c9d0-e1f2-0a1b-4c5d-6e7f8a9b0c1d,11,2,0.8348,yellow
a7b8c9d0-e1f2-0a1b-4c5d-6e7f8a9b0c1d,12,2,0.7559,yellow
a7b8c9d0-e1f2-0a1b-4c5d-6e7f8a9b0c1d,13,2,0.8969,red
a7b8c9d0-e1f2-0a1b-4c5d-6e7f8a9b0c1d,14,2,0.6099,yellow
a7b8c9d0-e1f2-0a1b-4c5d-6e7f8a9b0c1d,15,2,0.5642,green
a7b8c9d0-e1f2-0a1b-4c5d-6e7f8a9b0c1d,16,2,0.4768,green
a7b8c9d0-e1f2-0a1b-4c5d-6e7f8a9b0c1d,17,2,0.4157,green
a7b8c9d0-e1f2-0a1b-4c5d-6e7f8a9b0c1d,18,2,0.352,green
a7b8c9d0-e1f2-0a1b-4c5d-6e7f8a9b0c1d,19,2,0.2543,green
a7b8c9d0-e1f2-0a1b-4c5d-6e7f8a9b0c1d,20,2,0.2765,green
a7b8c9d0-e1f2-0a1b-4c5d-6e7f8a9b0c1d,21,2,0.2441,green
a7b8c9d0-e1f2-0a1b-4c5d-6e7f8a9b0c1d,22,2,0.3003,green
a7b8c9d0-e1f2-0a1b-4c5d-6e7f8a9b0c1d,23,2,0.2688,green
a7b8c9d0-e1f2-0a1b-4c5d-6e7f8a9b0c1d,0,3,0.292,green
a7b8c9d0-e1f2-0a1b-4c5d-6e7f8a9b0c1d,1,3,0.3585,green
a7b8c9d0-e1f2-0a1b-4c5d-6e7f8a9b0c1d,2,3,0.3521,green
a7b8c9d0-e1f2-0a1b-4c5d-6e7f8a9b0c1d,3,3,0.4764,green
a7b8c9d0-e1f2-0a1b-4c5d-6e7f8a9b0c1d,4,3,0.4755,green
a7b8c9d0-e1f2-0a1b-4c5d-6e7f8a9b0c1d,5,3,0.586,green
a7b8c9d0-e1f2-0a1b-4c5d-6e7f8a9b0c1d,6,3,0.5977,green
a7b8c9d0-e1f2-0a1b-4c5d-6e7f8a9b0c1d,7,3,0.7857,yellow
a7b8c9d0-e1f2-0a1b-4c5d-6e7f8a9b0c1d,8,3,0.8092,yellow
a7b8c9d0-e1f2-0a1b-4c5d-6e7f8a9b0c1d,9,3,0.902,red
a7b8c9d0-e1f2-0a1b-4c5d-6e7f8a9b0c1d,10,3,0.9165,red
a7b8c9d0-e1f2-0a1b-4c5d-6e7f8a9b0c1d,11,3,0.8729,red
a7b8c9d0-e1f2-0a1b-4c5d-6e7f8a9b0c1d,12,3,0.8404,yellow
a7b8c9d0-e1f2-0a1b-4c5d-6e7f8a9b0c1d,13,3,0.7336,yellow
a7b8c9d0-e1f2-0a1b-4c5d-6e7f8a9b0c1d,14,3,0.7312,yellow
a7b8c9d0-e1f2-0a1b-4c5d-6e7f8a9b0c1d,15,3,0.6214,yellow
a7b8c9d0-e1f2-0a1b-4c5d-6e7f8a9b0c1d,16,3,0.5189,green
a7b8c9d0-e1f2-0a1b-4c5d-6e7f8a9b0c1d,17,3,0.3708,green
a7b8c9d0-e1f2-0a1b-4c5d-6e7f8a9b0c1d,18,3,0.3262,green
a7b8c9d0-e1f2-0a1b-4c5d-6e7f8a9b0c1d,19,3,0.3145,green
a7b8c9d0-e1f2-0a1b-4c5d-6e7f8a9b0c1d,20,3,0.3141,green
a7b8c9d0-e1f2-0a1b-4c5d-6e7f8a9b0c1d,21,3,0.3361,green
a7b8c9d0-e1f2-0a1b-4c5d-6e7f8a9b0c1d,22,3,0.2618,green
a7b8c9d0-e1f2-0a1b-4c5d-6e7f8a9b0c1d,23,3,0.3619,green
a7b8c9d0-e1f2-0a1b-4c5d-6e7f8a9b0c1d,0,4,0.3265,green
a7b8c9d0-e1f2-0a1b-4c5d-6e7f8a9b0c1d,1,4,0.2471,green
a7b8c9d0-e1f2-0a1b-4c5d-6e7f8a9b0c1d,2,4,0.3574,green
a7b8c9d0-e1f2-0a1b-4c5d-6e7f8a9b0c1d,3,4,0.3005,green
a7b8c9d0-e1f2-0a1b-4c5d-6e7f8a9b0c1d,4,4,0.4572,green
a7b8c9d0-e1f2-0a1b-4c5d-6e7f8a9b0c1d,5,4,0.5472,green
a7b8c9d0-e1f2-0a1b-4c5d-6e7f8a9b0c1d,6,4,0.6334,yellow
a7b8c9d0-e1f2-0a1b-4c5d-6e7f8a9b0c1d,7,4,0.7366,yellow
a7b8c9d0-e1f2-0a1b-4c5d-6e7f8a9b0c1d,8,4,0.8098,yellow
a7b8c9d0-e1f2-0a1b-4c5d-6e7f8a9b0c1d,9,4,0.8519,red
a7b8c9d0-e1f2-0a1b-4c5d-6e7f8a9b0c1d,10,4,0.9751,red
a7b8c9d0-e1f2-0a1b-4c5d-6e7f8a9b0c1d,11,4,0.9423,red
a7b8c9d0-e1f2-0a1b-4c5d-6e7f8a9b0c1d,12,4,0.7724,yellow
a7b8c9d0-e1f2-0a1b-4c5d-6e7f8a9b0c1d,13,4,0.8156,yellow
a7b8c9d0-e1f2-0a1b-4c5d-6e7f8a9b0c1d,14,4,0.5829,green
a7b8c9d0-e1f2-0a1b-4c5d-6e7f8a9b0c1d,15,4,0.534,green
a7b8c9d0-e1f2-0a1b-4c5d-6e7f8a9b0c1d,16,4,0.5711,green
a7b8c9d0-e1f2-0a1b-4c5d-6e7f8a9b0c1d,17,4,0.3178,green
a7b8c9d0-e1f2-0a1b-4c5d-6e7f8a9b0c1d,18,4,0.4099,green
a7b8c9d0-e1f2-0a1b-4c5d-6e7f8a9b0c1d,19,4,0.2851,green
a7b8c9d0-e1f2-0a1b-4c5d-6e7f8a9b0c1d,20,4,0.3192,green
a7b8c9d0-e1f2-0a1b-4c5d-6e7f8a9b0c1d,21,4,0.3047,green
a7b8c9d0-e1f2-0a1b-4c5d-6e7f8a9b0c1d,22,4,0.3915,green
a7b8c9d0-e1f2-0a1b-4c5d-6e7f8a9b0c1d,23,4,0.2625,green
a7b8c9d0-e1f2-0a1b-4c5d-6e7f8a9b0c1d,0,5,0.1271,green
a7b8c9d0-e1f2-0a1b-4c5d-6e7f8a9b0c1d,1,5,0.1704,green
a7b8c9d0-e1f2-0a1b-4c5d-6e7f8a9b0c1d,2,5,0.1399,green
a7b8c9d0-e1f2-0a1b-4c5d-6e7f8a9b0c1d,3,5,0.1308,green
a7b8c9d0-e1f2-0a1b-4c5d-6e7f8a9b0c1d,4,5,0.195,green
a7b8c9d0-e1f2-0a1b-4c5d-6e7f8a9b0c1d,5,5,0.2346,green
a7b8c9d0-e1f2-0a1b-4c5d-6e7f8a9b0c1d,6,5,0.3098,green
a7b8c9d0-e1f2-0a1b-4c5d-6e7f8a9b0c1d,7,5,0.254,green
a7b8c9d0-e1f2-0a1b-4c5d-6e7f8a9b0c1d,8,5,0.3093,green
a7b8c9d0-e1f2-0a1b-4c5d-6e7f8a9b0c1d,9,5,0.3688,green
a7b8c9d0-e1f2-0a1b-4c5d-6e7f8a9b0c1d,10,5,0.3516,green
a7b8c9d0-e1f2-0a1b-4c5d-6e7f8a9b0c1d,11,5,0.3434,green
a7b8c9d0-e1f2-0a1b-4c5d-6e7f8a9b0c1d,12,5,0.3309,green
a7b8c9d0-e1f2-0a1b-4c5d-6e7f8a9b0c1d,13,5,0.2664,green
a7b8c9d0-e1f2-0a1b-4c5d-6e7f8a9b0c1d,14,5,0.2256,green
a7b8c9d0-e1f2-0a1b-4c5d-6e7f8a9b0c1d,15,5,0.2519,green
a7b8c9d0-e1f2-0a1b-4c5d-6e7f8a9b0c1d,16,5,0.1432,green
a7b8c9d0-e1f2-0a1b-4c5d-6e7f8a9b0c1d,17,5,0.2302,green
a7b8c9d0-e1f2-0a1b-4c5d-6e7f8a9b0c1d,18,5,0.1633,green
a7b8c9d0-e1f2-0a1b-4c5d-6e7f8a9b0c1d,19,5,0.0753,green
a7b8c9d0-e1f2-0a1b-4c5d-6e7f8a9b0c1d,20,5,0.1447,green
a7b8c9d0-e1f2-0a1b-4c5d-6e7f8a9b0c1d,21,5,0.1338,green
a7b8c9d0-e1f2-0a1b-4c5d-6e7f8a9b0c1d,22,5,0.1608,green
a7b8c9d0-e1f2-0a1b-4c5d-6e7f8a9b0c1d,23,5,0.1792,green
a7b8c9d0-e1f2-0a1b-4c5d-6e7f8a9b0c1d,0,6,0.1122,green
a7b8c9d0-e1f2-0a1b-4c5d-6e7f8a9b0c1d,1,6,0.1037,green
a7b8c9d0-e1f2-0a1b-4c5d-6e7f8a9b0c1d,2,6,0.1222,green
a7b8c9d0-e1f2-0a1b-4c5d-6e7f8a9b0c1d,3,6,0.1228,green
a7b8c9d0-e1f2-0a1b-4c5d-6e7f8a9b0c1d,4,6,0.1606,green
a7b8c9d0-e1f2-0a1b-4c5d-6e7f8a9b0c1d,5,6,0.2441,green
a7b8c9d0-e1f2-0a1b-4c5d-6e7f8a9b0c1d,6,6,0.2663,green
a7b8c9d0-e1f2-0a1b-4c5d-6e7f8a9b0c1d,7,6,0.2766,green
a7b8c9d0-e1f2-0a1b-4c5d-6e7f8a9b0c1d,8,6,0.2949,green
a7b8c9d0-e1f2-0a1b-4c5d-6e7f8a9b0c1d,9,6,0.37,green
a7b8c9d0-e1f2-0a1b-4c5d-6e7f8a9b0c1d,10,6,0.3349,green
a7b8c9d0-e1f2-0a1b-4c5d-6e7f8a9b0c1d,11,6,0.3006,green
a7b8c9d0-e1f2-0a1b-4c5d-6e7f8a9b0c1d,12,6,0.3242,green
a7b8c9d0-e1f2-0a1b-4c5d-6e7f8a9b0c1d,13,6,0.2879,green
a7b8c9d0-e1f2-0a1b-4c5d-6e7f8a9b0c1d,14,6,0.2121,green
a7b8c9d0-e1f2-0a1b-4c5d-6e7f8a9b0c1d,15,6,0.2712,green
a7b8c9d0-e1f2-0a1b-4c5d-6e7f8a9b0c1d,16,6,0.2402,green
a7b8c9d0-e1f2-0a1b-4c5d-6e7f8a9b0c1d,17,6,0.1739,green
a7b8c9d0-e1f2-0a1b-4c5d-6e7f8a9b0c1d,18,6,0.159,green
a7b8c9d0-e1f2-0a1b-4c5d-6e7f8a9b0c1d,19,6,0.1655,green
a7b8c9d0-e1f2-0a1b-4c5d-6e7f8a9b0c1d,20,6,0.129,green
a7b8c9d0-e1f2-0a1b-4c5d-6e7f8a9b0c1d,21,6,0.17,green
a7b8c9d0-e1f2-0a1b-4c5d-6e7f8a9b0c1d,22,6,0.2055,green
a7b8c9d0-e1f2-0a1b-4c5d-6e7f8a9b0c1d,23,6,0.1252,green
b8c9d0e1-f2a3-1b2c-5d6e-7f8a9b0c1d2e,0,0,0.3484,green
b8c9d0e1-f2a3-1b2c-5d6e-7f8a9b0c1d2e,1,0,0.3914,green
b8c9d0e1-f2a3-1b2c-5d6e-7f8a9b0c1d2e,2,0,0.3643,green
b8c9d0e1-f2a3-1b2c-5d6e-7f8a9b0c1d2e,3,0,0.3733,green
b8c9d0e1-f2a3-1b2c-5d6e-7f8a9b0c1d2e,4,0,0.5401,green
b8c9d0e1-f2a3-1b2c-5d6e-7f8a9b0c1d2e,5,0,0.4963,green
b8c9d0e1-f2a3-1b2c-5d6e-7f8a9b0c1d2e,6,0,0.7534,yellow
b8c9d0e1-f2a3-1b2c-5d6e-7f8a9b0c1d2e,7,0,0.7964,yellow
b8c9d0e1-f2a3-1b2c-5d6e-7f8a9b0c1d2e,8,0,0.8389,yellow
b8c9d0e1-f2a3-1b2c-5d6e-7f8a9b0c1d2e,9,0,0.8841,red
b8c9d0e1-f2a3-1b2c-5d6e-7f8a9b0c1d2e,10,0,0.9876,red
b8c9d0e1-f2a3-1b2c-5d6e-7f8a9b0c1d2e,11,0,0.8342,yellow
b8c9d0e1-f2a3-1b2c-5d6e-7f8a9b0c1d2e,12,0,0.7715,yellow
b8c9d0e1-f2a3-1b2c-5d6e-7f8a9b0c1d2e,13,0,0.723,yellow
b8c9d0e1-f2a3-1b2c-5d6e-7f8a9b0c1d2e,14,0,0.6508,yellow
b8c9d0e1-f2a3-1b2c-5d6e-7f8a9b0c1d2e,15,0,0.5244,green
b8c9d0e1-f2a3-1b2c-5d6e-7f8a9b0c1d2e,16,0,0.5025,green
b8c9d0e1-f2a3-1b2c-5d6e-7f8a9b0c1d2e,17,0,0.4366,green
b8c9d0e1-f2a3-1b2c-5d6e-7f8a9b0c1d2e,18,0,0.3405,green
b8c9d0e1-f2a3-1b2c-5d6e-7f8a9b0c1d2e,19,0,0.4279,green
b8c9d0e1-f2a3-1b2c-5d6e-7f8a9b0c1d2e,20,0,0.2568,green
b8c9d0e1-f2a3-1b2c-5d6e-7f8a9b0c1d2e,21,0,0.2498,green
b8c9d0e1-f2a3-1b2c-5d6e-7f8a9b0c1d2e,22,0,0.3255,green
b8c9d0e1-f2a3-1b2c-5d6e-7f8a9b0c1d2e,23,0,0.2927,green
b8c9d0e1-f2a3-1b2c-5d6e-7f8a9b0c1d2e,0,1,0.3472,green
b8c9d0e1-f2a3-1b2c-5d6e-7f8a9b0c1d2e,1,1,0.3168,green
b8c9d0e1-f2a3-1b2c-5d6e-7f8a9b0c1d2e,2,1,0.3295,green
b8c9d0e1-f2a3-1b2c-5d6e-7f8a9b0c1d2e,3,1,0.3975,green
b8c9d0e1-f2a3-1b2c-5d6e-7f8a9b0c1d2e,4,1,0.4606,green
b8c9d0e1-f2a3-1b2c-5d6e-7f8a9b0c1d2e,5,1,0.6009,yellow
b8c9d0e1-f2a3-1b2c-5d6e-7f8a9b0c1d2e,6,1,0.6399,yellow
b8c9d0e1-f2a3-1b2c-5d6e-7f8a9b0c1d2e,7,1,0.791,yellow
b8c9d0e1-f2a3-1b2c-5d6e-7f8a9b0c1d2e,8,1,0.8589,red
b8c9d0e1-f2a3-1b2c-5d6e-7f8a9b0c1d2e,9,1,0.9336,red
b8c9d0e1-f2a3-1b2c-5d6e-7f8a9b0c1d2e,10,1,0.945,red
b8c9d0e1-f2a3-1b2c-5d6e-7f8a9b0c1d2e,11,1,0.9208,red
b8c9d0e1-f2a3-1b2c-5d6e-7f8a9b0c1d2e,12,1,0.868,red
b8c9d0e1-f2a3-1b2c-5d6e-7f8a9b0c1d2e,13,1,0.7271,yellow
b8c9d0e1-f2a3-1b2c-5d6e-7f8a9b0c1d2e,14,1,0.6508,yellow
b8c9d0e1-f2a3-1b2c-5d6e-7f8a9b0c1d2e,15,1,0.4832,green
b8c9d0e1-f2a3-1b2c-5d6e-7f8a9b0c1d2e,16,1,0.5094,green
b8c9d0e1-f2a3-1b2c-5d6e-7f8a9b0c1d2e,17,1,0.3961,green
b8c9d0e1-f2a3-1b2c-5d6e-7f8a9b0c1d2e,18,1,0.4013,green
b8c9d0e1-f2a3-1b2c-5d6e-7f8a9b0c1d2e,19,1,0.3741,green
b8c9d0e1-f2a3-1b2c-5d6e-7f8a9b0c1d2e,20,1,0.2588,green
b8c9d0e1-f2a3-1b2c-5d6e-7f8a9b0c1d2e,21,1,0.263,green
b8c9d0e1-f2a3-1b2c-5d6e-7f8a9b0c1d2e,22,1,0.2892,green
b8c9d0e1-f2a3-1b2c-5d6e-7f8a9b0c1d2e,23,1,0.2772,green
b8c9d0e1-f2a3-1b2c-5d6e-7f8a9b0c1d2e,0,2,0.3347,green
b8c9d0e1-f2a3-1b2c-5d6e-7f8a9b0c1d2e,1,2,0.29,green
b8c9d0e1-f2a3-1b2c-5d6e-7f8a9b0c1d2e,2,2,0.3836,green
b8c9d0e1-f2a3-1b2c-5d6e-7f8a9b0c1d2e,3,2,0.3453,green
b8c9d0e1-f2a3-1b2c-5d6e-7f8a9b0c1d2e,4,2,0.387,green
b8c9d0e1-f2a3-1b2c-5d6e-7f8a9b0c1d2e,5,2,0.6105,yellow
b8c9d0e1-f2a3-1b2c-5d6e-7f8a9b0c1d2e,6,2,0.5987,green
b8c9d0e1-f2a3-1b2c-5d6e-7f8a9b0c1d2e,7,2,0.7249,yellow
b8c9d0e1-f2a3-1b2c-5d6e-7f8a9b0c1d2e,8,2,0.7586,yellow
b8c9d0e1-f2a3-1b2c-5d6e-7f8a9b0c1d2e,9,2,0.8111,yellow
b8c9d0e1-f2a3-1b2c-5d6e-7f8a9b0c1d2e,10,2,0.8801,red
b8c9d0e1-f2a3-1b2c-5d6e-7f8a9b0c1d2e,11,2,0.861,red
b8c9d0e1-f2a3-1b2c-5d6e-7f8a9b0c1d2e,12,2,0.8786,red
b8c9d0e1-f2a3-1b2c-5d6e-7f8a9b0c1d2e,13,2,0.7754,yellow
b8c9d0e1-f2a3-1b2c-5d6e-7f8a9b0c1d2e,14,2,0.6509,yellow
b8c9d0e1-f2a3-1b2c-5d6e-7f8a9b0c1d2e,15,2,0.6126,yellow
b8c9d0e1-f2a3-1b2c-5d6e-7f8a9b0c1d2e,16,2,0.5506,green
b8c9d0e1-f2a3-1b2c-5d6e-7f8a9b0c1d2e,17,2,0.4503,green
b8c9d0e1-f2a3-1b2c-5d6e-7f8a9b0c1d2e,18,2,0.3609,green
b8c9d0e1-f2a3-1b2c-5d6e-7f8a9b0c1d2e,19,2,0.3987,green
b8c9d0e1-f2a3-1b2c-5d6e-7f8a9b0c1d2e,20,2,0.4148,green
b8c9d0e1-f2a3-1b2c-5d6e-7f8a9b0c1d2e,21,2,0.3467,green
b8c9d0e1-f2a3-1b2c-5d6e-7f8a9b0c1d2e,22,2,0.3952,green
b8c9d0e1-f2a3-1b2c-5d6e-7f8a9b0c1d2e,23,2,0.3494,green
b8c9d0e1-f2a3-1b2c-5d6e-7f8a9b0c1d2e,0,3,0.3688,green
b8c9d0e1-f2a3-1b2c-5d6e-7f8a9b0c1d2e,1,3,0.2932,green
b8c9d0e1-f2a3-1b2c-5d6e-7f8a9b0c1d2e,2,3,0.3255,green
b8c9d0e1-f2a3-1b2c-5d6e-7f8a9b0c1d2e,3,3,0.4273,green
b8c9d0e1-f2a3-1b2c-5d6e-7f8a9b0c1d2e,4,3,0.4113,green
b8c9d0e1-f2a3-1b2c-5d6e-7f8a9b0c1d2e,5,3,0.5451,green
b8c9d0e1-f2a3-1b2c-5d6e-7f8a9b0c1d2e,6,3,0.7073,yellow
b8c9d0e1-f2a3-1b2c-5d6e-7f8a9b0c1d2e,7,3,0.7196,yellow
b8c9d0e1-f2a3-1b2c-5d6e-7f8a9b0c1d2e,8,3,0.8562,red
b8c9d0e1-f2a3-1b2c-5d6e-7f8a9b0c1d2e,9,3,0.814,yellow
b8c9d0e1-f2a3-1b2c-5d6e-7f8a9b0c1d2e,10,3,0.8753,red
b8c9d0e1-f2a3-1b2c-5d6e-7f8a9b0c1d2e,11,3,0.9327,red
b8c9d0e1-f2a3-1b2c-5d6e-7f8a9b0c1d2e,12,3,0.8399,yellow
b8c9d0e1-f2a3-1b2c-5d6e-7f8a9b0c1d2e,13,3,0.7674,yellow
b8c9d0e1-f2a3-1b2c-5d6e-7f8a9b0c1d2e,14,3,0.7492,yellow
b8c9d0e1-f2a3-1b2c-5d6e-7f8a9b0c1d2e,15,3,0.6395,yellow
b8c9d0e1-f2a3-1b2c-5d6e-7f8a9b0c1d2e,16,3,0.4509,green
b8c9d0e1-f2a3-1b2c-5d6e-7f8a9b0c1d2e,17,3,0.4957,green
b8c9d0e1-f2a3-1b2c-5d6e-7f8a9b0c1d2e,18,3,0.3504,green
b8c9d0e1-f2a3-1b2c-5d6e-7f8a9b0c1d2e,19,3,0.3469,green
b8c9d0e1-f2a3-1b2c-5d6e-7f8a9b0c1d2e,20,3,0.3271,green
b8c9d0e1-f2a3-1b2c-5d6e-7f8a9b0c1d2e,21,3,0.3673,green
b8c9d0e1-f2a3-1b2c-5d6e-7f8a9b0c1d2e,22,3,0.2502,green
b8c9d0e1-f2a3-1b2c-5d6e-7f8a9b0c1d2e,23,3,0.3256,green
b8c9d0e1-f2a3-1b2c-5d6e-7f8a9b0c1d2e,0,4,0.3526,green
b8c9d0e1-f2a3-1b2c-5d6e-7f8a9b0c1d2e,1,4,0.3883,green
b8c9d0e1-f2a3-1b2c-5d6e-7f8a9b0c1d2e,2,4,0.3707,green
b8c9d0e1-f2a3-1b2c-5d6e-7f8a9b0c1d2e,3,4,0.4799,green
b8c9d0e1-f2a3-1b2c-5d6e-7f8a9b0c1d2e,4,4,0.4592,green
b8c9d0e1-f2a3-1b2c-5d6e-7f8a9b0c1d2e,5,4,0.6321,yellow
b8c9d0e1-f2a3-1b2c-5d6e-7f8a9b0c1d2e,6,4,0.6815,yellow
b8c9d0e1-f2a3-1b2c-5d6e-7f8a9b0c1d2e,7,4,0.6829,yellow
b8c9d0e1-f2a3-1b2c-5d6e-7f8a9b0c1d2e,8,4,0.8499,yellow
b8c9d0e1-f2a3-1b2c-5d6e-7f8a9b0c1d2e,9,4,0.8905,red
b8c9d0e1-f2a3-1b2c-5d6e-7f8a9b0c1d2e,10,4,0.8822,red
b8c9d0e1-f2a3-1b2c-5d6e-7f8a9b0c1d2e,11,4,0.8447,yellow
b8c9d0e1-f2a3-1b2c-5d6e-7f8a9b0c1d2e,12,4,0.8175,yellow
b8c9d0e1-f2a3-1b2c-5d6e-7f8a9b0c1d2e,13,4,0.6808,yellow
b8c9d0e1-f2a3-1b2c-5d6e-7f8a9b0c1d2e,14,4,0.7485,yellow
b8c9d0e1-f2a3-1b2c-5d6e-7f8a9b0c1d2e,15,4,0.5183,green
b8c9d0e1-f2a3-1b2c-5d6e-7f8a9b0c1d2e,16,4,0.4617,green
b8c9d0e1-f2a3-1b2c-5d6e-7f8a9b0c1d2e,17,4,0.487,green
b8c9d0e1-f2a3-1b2c-5d6e-7f8a9b0c1d2e,18,4,0.4105,green
b8c9d0e1-f2a3-1b2c-5d6e-7f8a9b0c1d2e,19,4,0.3837,green
b8c9d0e1-f2a3-1b2c-5d6e-7f8a9b0c1d2e,20,4,0.4022,green
b8c9d0e1-f2a3-1b2c-5d6e-7f8a9b0c1d2e,21,4,0.2981,green
b8c9d0e1-f2a3-1b2c-5d6e-7f8a9b0c1d2e,22,4,0.2543,green
b8c9d0e1-f2a3-1b2c-5d6e-7f8a9b0c1d2e,23,4,0.3453,green
b8c9d0e1-f2a3-1b2c-5d6e-7f8a9b0c1d2e,0,5,0.1704,green
b8c9d0e1-f2a3-1b2c-5d6e-7f8a9b0c1d2e,1,5,0.1227,green
b8c9d0e1-f2a3-1b2c-5d6e-7f8a9b0c1d2e,2,5,0.0892,green
b8c9d0e1-f2a3-1b2c-5d6e-7f8a9b0c1d2e,3,5,0.2339,green
b8c9d0e1-f2a3-1b2c-5d6e-7f8a9b0c1d2e,4,5,0.2267,green
b8c9d0e1-f2a3-1b2c-5d6e-7f8a9b0c1d2e,5,5,0.1612,green
b8c9d0e1-f2a3-1b2c-5d6e-7f8a9b0c1d2e,6,5,0.3046,green
b8c9d0e1-f2a3-1b2c-5d6e-7f8a9b0c1d2e,7,5,0.2291,green
b8c9d0e1-f2a3-1b2c-5d6e-7f8a9b0c1d2e,8,5,0.3077,green
b8c9d0e1-f2a3-1b2c-5d6e-7f8a9b0c1d2e,9,5,0.2965,green
b8c9d0e1-f2a3-1b2c-5d6e-7f8a9b0c1d2e,10,5,0.3281,green
b8c9d0e1-f2a3-1b2c-5d6e-7f8a9b0c1d2e,11,5,0.311,green
b8c9d0e1-f2a3-1b2c-5d6e-7f8a9b0c1d2e,12,5,0.3011,green
b8c9d0e1-f2a3-1b2c-5d6e-7f8a9b0c1d2e,13,5,0.3374,green
b8c9d0e1-f2a3-1b2c-5d6e-7f8a9b0c1d2e,14,5,0.2803,green
b8c9d0e1-f2a3-1b2c-5d6e-7f8a9b0c1d2e,15,5,0.2613,green
b8c9d0e1-f2a3-1b2c-5d6e-7f8a9b0c1d2e,16,5,0.2525,green
b8c9d0e1-f2a3-1b2c-5d6e-7f8a9b0c1d2e,17,5,0.1533,green
b8c9d0e1-f2a3-1b2c-5d6e-7f8a9b0c1d2e,18,5,0.1565,green
b8c9d0e1-f2a3-1b2c-5d6e-7f8a9b0c1d2e,19,5,0.166,green
b8c9d0e1-f2a3-1b2c-5d6e-7f8a9b0c1d2e,20,5,0.2159,green
b8c9d0e1-f2a3-1b2c-5d6e-7f8a9b0c1d2e,21,5,0.1704,green
b8c9d0e1-f2a3-1b2c-5d6e-7f8a9b0c1d2e,22,5,0.1917,green
b8c9d0e1-f2a3-1b2c-5d6e-7f8a9b0c1d2e,23,5,0.1722,green
b8c9d0e1-f2a3-1b2c-5d6e-7f8a9b0c1d2e,0,6,0.1834,green
b8c9d0e1-f2a3-1b2c-5d6e-7f8a9b0c1d2e,1,6,0.0499,green
b8c9d0e1-f2a3-1b2c-5d6e-7f8a9b0c1d2e,2,6,0.1965,green
b8c9d0e1-f2a3-1b2c-5d6e-7f8a9b0c1d2e,3,6,0.1825,green
b8c9d0e1-f2a3-1b2c-5d6e-7f8a9b0c1d2e,4,6,0.2006,green
b8c9d0e1-f2a3-1b2c-5d6e-7f8a9b0c1d2e,5,6,0.2035,green
b8c9d0e1-f2a3-1b2c-5d6e-7f8a9b0c1d2e,6,6,0.2443,green
b8c9d0e1-f2a3-1b2c-5d6e-7f8a9b0c1d2e,7,6,0.322,green
b8c9d0e1-f2a3-1b2c-5d6e-7f8a9b0c1d2e,8,6,0.3738,green
b8c9d0e1-f2a3-1b2c-5d6e-7f8a9b0c1d2e,9,6,0.2777,green
b8c9d0e1-f2a3-1b2c-5d6e-7f8a9b0c1d2e,10,6,0.3709,green
b8c9d0e1-f2a3-1b2c-5d6e-7f8a9b0c1d2e,11,6,0.3246,green
b8c9d0e1-f2a3-1b2c-5d6e-7f8a9b0c1d2e,12,6,0.2843,green
b8c9d0e1-f2a3-1b2c-5d6e-7f8a9b0c1d2e,13,6,0.3208,green
b8c9d0e1-f2a3-1b2c-5d6e-7f8a9b0c1d2e,14,6,0.2491,green
b8c9d0e1-f2a3-1b2c-5d6e-7f8a9b0c1d2e,15,6,0.1969,green
b8c9d0e1-f2a3-1b2c-5d6e-7f8a9b0c1d2e,16,6,0.1595,green
b8c9d0e1-f2a3-1b2c-5d6e-7f8a9b0c1d2e,17,6,0.186,green
b8c9d0e1-f2a3-1b2c-5d6e-7f8a9b0c1d2e,18,6,0.152,green
b8c9d0e1-f2a3-1b2c-5d6e-7f8a9b0c1d2e,19,6,0.0845,green
b8c9d0e1-f2a3-1b2c-5d6e-7f8a9b0c1d2e,20,6,0.0885,green
b8c9d0e1-f2a3-1b2c-5d6e-7f8a9b0c1d2e,21,6,0.1163,green
b8c9d0e1-f2a3-1b2c-5d6e-7f8a9b0c1d2e,22,6,0.1429,green
b8c9d0e1-f2a3-1b2c-5d6e-7f8a9b0c1d2e,23,6,0.0687,green
c9d0e1f2-a3b4-2c3d-6e7f-8a9b0c1d2e3f,0,0,0.3508,green
c9d0e1f2-a3b4-2c3d-6e7f-8a9b0c1d2e3f,1,0,0.3065,green
c9d0e1f2-a3b4-2c3d-6e7f-8a9b0c1d2e3f,2,0,0.5176,green
c9d0e1f2-a3b4-2c3d-6e7f-8a9b0c1d2e3f,3,0,0.3827,green
c9d0e1f2-a3b4-2c3d-6e7f-8a9b0c1d2e3f,4,0,0.4553,green
c9d0e1f2-a3b4-2c3d-6e7f-8a9b0c1d2e3f,5,0,0.5844,green
c9d0e1f2-a3b4-2c3d-6e7f-8a9b0c1d2e3f,6,0,0.6188,yellow
c9d0e1f2-a3b4-2c3d-6e7f-8a9b0c1d2e3f,7,0,0.7943,yellow
c9d0e1f2-a3b4-2c3d-6e7f-8a9b0c1d2e3f,8,0,0.9196,red
c9d0e1f2-a3b4-2c3d-6e7f-8a9b0c1d2e3f,9,0,0.8622,red
c9d0e1f2-a3b4-2c3d-6e7f-8a9b0c1d2e3f,10,0,0.9086,red
c9d0e1f2-a3b4-2c3d-6e7f-8a9b0c1d2e3f,11,0,0.8557,red
c9d0e1f2-a3b4-2c3d-6e7f-8a9b0c1d2e3f,12,0,0.8295,yellow
c9d0e1f2-a3b4-2c3d-6e7f-8a9b0c1d2e3f,13,0,0.8245,yellow
c9d0e1f2-a3b4-2c3d-6e7f-8a9b0c1d2e3f,14,0,0.7086,yellow
c9d0e1f2-a3b4-2c3d-6e7f-8a9b0c1d2e3f,15,0,0.5295,green
c9d0e1f2-a3b4-2c3d-6e7f-8a9b0c1d2e3f,16,0,0.5721,green
c9d0e1f2-a3b4-2c3d-6e7f-8a9b0c1d2e3f,17,0,0.4879,green
c9d0e1f2-a3b4-2c3d-6e7f-8a9b0c1d2e3f,18,0,0.4055,green
c9d0e1f2-a3b4-2c3d-6e7f-8a9b0c1d2e3f,19,0,0.3148,green
c9d0e1f2-a3b4-2c3d-6e7f-8a9b0c1d2e3f,20,0,0.3296,green
c9d0e1f2-a3b4-2c3d-6e7f-8a9b0c1d2e3f,21,0,0.2739,green
c9d0e1f2-a3b4-2c3d-6e7f-8a9b0c1d2e3f,22,0,0.33,green
c9d0e1f2-a3b4-2c3d-6e7f-8a9b0c1d2e3f,23,0,0.2872,green
c9d0e1f2-a3b4-2c3d-6e7f-8a9b0c1d2e3f,0,1,0.2146,green
c9d0e1f2-a3b4-2c3d-6e7f-8a9b0c1d2e3f,1,1,0.394,green
c9d0e1f2-a3b4-2c3d-6e7f-8a9b0c1d2e3f,2,1,0.3908,green
c9d0e1f2-a3b4-2c3d-6e7f-8a9b0c1d2e3f,3,1,0.4837,green
c9d0e1f2-a3b4-2c3d-6e7f-8a9b0c1d2e3f,4,1,0.488,green
c9d0e1f2-a3b4-2c3d-6e7f-8a9b0c1d2e3f,5,1,0.5841,green
c9d0e1f2-a3b4-2c3d-6e7f-8a9b0c1d2e3f,6,1,0.7197,yellow
c9d0e1f2-a3b4-2c3d-6e7f-8a9b0c1d2e3f,7,1,0.7723,yellow
c9d0e1f2-a3b4-2c3d-6e7f-8a9b0c1d2e3f,8,1,0.8439,yellow
c9d0e1f2-a3b4-2c3d-6e7f-8a9b0c1d2e3f,9,1,1.0,red
c9d0e1f2-a3b4-2c3d-6e7f-8a9b0c1d2e3f,10,1,0.8915,red
c9d0e1f2-a3b4-2c3d-6e7f-8a9b0c1d2e3f,11,1,0.89,red
c9d0e1f2-a3b4-2c3d-6e7f-8a9b0c1d2e3f,12,1,0.9162,red
c9d0e1f2-a3b4-2c3d-6e7f-8a9b0c1d2e3f,13,1,0.7127,yellow
c9d0e1f2-a3b4-2c3d-6e7f-8a9b0c1d2e3f,14,1,0.6119,yellow
c9d0e1f2-a3b4-2c3d-6e7f-8a9b0c1d2e3f,15,1,0.5031,green
c9d0e1f2-a3b4-2c3d-6e7f-8a9b0c1d2e3f,16,1,0.5215,green
c9d0e1f2-a3b4-2c3d-6e7f-8a9b0c1d2e3f,17,1,0.461,green
c9d0e1f2-a3b4-2c3d-6e7f-8a9b0c1d2e3f,18,1,0.4183,green
c9d0e1f2-a3b4-2c3d-6e7f-8a9b0c1d2e3f,19,1,0.2801,green
c9d0e1f2-a3b4-2c3d-6e7f-8a9b0c1d2e3f,20,1,0.3767,green
c9d0e1f2-a3b4-2c3d-6e7f-8a9b0c1d2e3f,21,1,0.3735,green
c9d0e1f2-a3b4-2c3d-6e7f-8a9b0c1d2e3f,22,1,0.3018,green
c9d0e1f2-a3b4-2c3d-6e7f-8a9b0c1d2e3f,23,1,0.3047,green
c9d0e1f2-a3b4-2c3d-6e7f-8a9b0c1d2e3f,0,2,0.3601,green
c9d0e1f2-a3b4-2c3d-6e7f-8a9b0c1d2e3f,1,2,0.3661,green
c9d0e1f2-a3b4-2c3d-6e7f-8a9b0c1d2e3f,2,2,0.4133,green
c9d0e1f2-a3b4-2c3d-6e7f-8a9b0c1d2e3f,3,2,0.3755,green
c9d0e1f2-a3b4-2c3d-6e7f-8a9b0c1d2e3f,4,2,0.4861,green
c9d0e1f2-a3b4-2c3d-6e7f-8a9b0c1d2e3f,5,2,0.5141,green
c9d0e1f2-a3b4-2c3d-6e7f-8a9b0c1d2e3f,6,2,0.6955,yellow
c9d0e1f2-a3b4-2c3d-6e7f-8a9b0c1d2e3f,7,2,0.7794,yellow
c9d0e1f2-a3b4-2c3d-6e7f-8a9b0c1d2e3f,8,2,0.8246,yellow
c9d0e1f2-a3b4-2c3d-6e7f-8a9b0c1d2e3f,9,2,0.8964,red
c9d0e1f2-a3b4-2c3d-6e7f-8a9b0c1d2e3f,10,2,0.8222,yellow
c9d0e1f2-a3b4-2c3d-6e7f-8a9b0c1d2e3f,11,2,0.9244,red
c9d0e1f2-a3b4-2c3d-6e7f-8a9b0c1d2e3f,12,2,0.8061,yellow
c9d0e1f2-a3b4-2c3d-6e7f-8a9b0c1d2e3f,13,2,0.7594,yellow
c9d0e1f2-a3b4-2c3d-6e7f-8a9b0c1d2e3f,14,2,0.7197,yellow
c9d0e1f2-a3b4-2c3d-6e7f-8a9b0c1d2e3f,15,2,0.5369,green
c9d0e1f2-a3b4-2c3d-6e7f-8a9b0c1d2e3f,16,2,0.5547,green
c9d0e1f2-a3b4-2c3d-6e7f-8a9b0c1d2e3f,17,2,0.436,green
c9d0e1f2-a3b4-2c3d-6e7f-8a9b0c1d2e3f,18,2,0.3826,green
c9d0e1f2-a3b4-2c3d-6e7f-8a9b0c1d2e3f,19,2,0.3755,green
c9d0e1f2-a3b4-2c3d-6e7f-8a9b0c1d2e3f,20,2,0.264,green
c9d0e1f2-a3b4-2c3d-6e7f-8a9b0c1d2e3f,21,2,0.3434,green
c9d0e1f2-a3b4-2c3d-6e7f-8a9b0c1d2e3f,22,2,0.3097,green
c9d0e1f2-a3b4-2c3d-6e7f-8a9b0c1d2e3f,23,2,0.3549,green
c9d0e1f2-a3b4-2c3d-6e7f-8a9b0c1d2e3f,0,3,0.3155,green
c9d0e1f2-a3b4-2c3d-6e7f-8a9b0c1d2e3f,1,3,0.3296,green
c9d0e1f2-a3b4-2c3d-6e7f-8a9b0c1d2e3f,2,3,0.3997,green
c9d0e1f2-a3b4-2c3d-6e7f-8a9b0c1d2e3f,3,3,0.4268,green
c9d0e1f2-a3b4-2c3d-6e7f-8a9b0c1d2e3f,4,3,0.4361,green
c9d0e1f2-a3b4-2c3d-6e7f-8a9b0c1d2e3f,5,3,0.565,green
c9d0e1f2-a3b4-2c3d-6e7f-8a9b0c1d2e3f,6,3,0.7273,yellow
c9d0e1f2-a3b4-2c3d-6e7f-8a9b0c1d2e3f,7,3,0.7482,yellow
c9d0e1f2-a3b4-2c3d-6e7f-8a9b0c1d2e3f,8,3,0.786,yellow
c9d0e1f2-a3b4-2c3d-6e7f-8a9b0c1d2e3f,9,3,0.9173,red
c9d0e1f2-a3b4-2c3d-6e7f-8a9b0c1d2e3f,10,3,0.8073,yellow
c9d0e1f2-a3b4-2c3d-6e7f-8a9b0c1d2e3f,11,3,0.7755,yellow
c9d0e1f2-a3b4-2c3d-6e7f-8a9b0c1d2e3f,12,3,0.8293,yellow
c9d0e1f2-a3b4-2c3d-6e7f-8a9b0c1d2e3f,13,3,0.762,yellow
c9d0e1f2-a3b4-2c3d-6e7f-8a9b0c1d2e3f,14,3,0.6749,yellow
c9d0e1f2-a3b4-2c3d-6e7f-8a9b0c1d2e3f,15,3,0.5301,green
c9d0e1f2-a3b4-2c3d-6e7f-8a9b0c1d2e3f,16,3,0.4873,green
c9d0e1f2-a3b4-2c3d-6e7f-8a9b0c1d2e3f,17,3,0.3598,green
c9d0e1f2-a3b4-2c3d-6e7f-8a9b0c1d2e3f,18,3,0.3922,green
c9d0e1f2-a3b4-2c3d-6e7f-8a9b0c1d2e3f,19,3,0.267,green
c9d0e1f2-a3b4-2c3d-6e7f-8a9b0c1d2e3f,20,3,0.3189,green
c9d0e1f2-a3b4-2c3d-6e7f-8a9b0c1d2e3f,21,3,0.3268,green
c9d0e1f2-a3b4-2c3d-6e7f-8a9b0c1d2e3f,22,3,0.2188,green
c9d0e1f2-a3b4-2c3d-6e7f-8a9b0c1d2e3f,23,3,0.2769,green
c9d0e1f2-a3b4-2c3d-6e7f-8a9b0c1d2e3f,0,4,0.3658,green
c9d0e1f2-a3b4-2c3d-6e7f-8a9b0c1d2e3f,1,4,0.4252,green
c9d0e1f2-a3b4-2c3d-6e7f-8a9b0c1d2e3f,2,4,0.306,green
c9d0e1f2-a3b4-2c3d-6e7f-8a9b0c1d2e3f,3,4,0.4468,green
c9d0e1f2-a3b4-2c3d-6e7f-8a9b0c1d2e3f,4,4,0.433,green
c9d0e1f2-a3b4-2c3d-6e7f-8a9b0c1d2e3f,5,4,0.5074,green
c9d0e1f2-a3b4-2c3d-6e7f-8a9b0c1d2e3f,6,4,0.7437,yellow
c9d0e1f2-a3b4-2c3d-6e7f-8a9b0c1d2e3f,7,4,0.7863,yellow
c9d0e1f2-a3b4-2c3d-6e7f-8a9b0c1d2e3f,8,4,0.7893,yellow
c9d0e1f2-a3b4-2c3d-6e7f-8a9b0c1d2e3f,9,4,0.8925,red
c9d0e1f2-a3b4-2c3d-6e7f-8a9b0c1d2e3f,10,4,0.9321,red
c9d0e1f2-a3b4-2c3d-6e7f-8a9b0c1d2e3f,11,4,0.8906,red
c9d0e1f2-a3b4-2c3d-6e7f-8a9b0c1d2e3f,12,4,0.9419,red
c9d0e1f2-a3b4-2c3d-6e7f-8a9b0c1d2e3f,13,4,0.7832,yellow
c9d0e1f2-a3b4-2c3d-6e7f-8a9b0c1d2e3f,14,4,0.5143,green
c9d0e1f2-a3b4-2c3d-6e7f-8a9b0c1d2e3f,15,4,0.5602,green
c9d0e1f2-a3b4-2c3d-6e7f-8a9b0c1d2e3f,16,4,0.458,green
c9d0e1f2-a3b4-2c3d-6e7f-8a9b0c1d2e3f,17,4,0.4196,green
c9d0e1f2-a3b4-2c3d-6e7f-8a9b0c1d2e3f,18,4,0.3819,green
c9d0e1f2-a3b4-2c3d-6e7f-8a9b0c1d2e3f,19,4,0.3152,green
c9d0e1f2-a3b4-2c3d-6e7f-8a9b0c1d2e3f,20,4,0.2721,green
c9d0e1f2-a3b4-2c3d-6e7f-8a9b0c1d2e3f,21,4,0.3818,green
c9d0e1f2-a3b4-2c3d-6e7f-8a9b0c1d2e3f,22,4,0.3365,green
c9d0e1f2-a3b4-2c3d-6e7f-8a9b0c1d2e3f,23,4,0.2695,green
c9d0e1f2-a3b4-2c3d-6e7f-8a9b0c1d2e3f,0,5,0.1645,green
c9d0e1f2-a3b4-2c3d-6e7f-8a9b0c1d2e3f,1,5,0.1729,green
c9d0e1f2-a3b4-2c3d-6e7f-8a9b0c1d2e3f,2,5,0.2158,green
c9d0e1f2-a3b4-2c3d-6e7f-8a9b0c1d2e3f,3,5,0.1191,green
c9d0e1f2-a3b4-2c3d-6e7f-8a9b0c1d2e3f,4,5,0.2369,green
c9d0e1f2-a3b4-2c3d-6e7f-8a9b0c1d2e3f,5,5,0.1995,green
c9d0e1f2-a3b4-2c3d-6e7f-8a9b0c1d2e3f,6,5,0.3233,green
c9d0e1f2-a3b4-2c3d-6e7f-8a9b0c1d2e3f,7,5,0.2915,green
c9d0e1f2-a3b4-2c3d-6e7f-8a9b0c1d2e3f,8,5,0.2182,green
c9d0e1f2-a3b4-2c3d-6e7f-8a9b0c1d2e3f,9,5,0.3544,green
c9d0e1f2-a3b4-2c3d-6e7f-8a9b0c1d2e3f,10,5,0.2708,green
c9d0e1f2-a3b4-2c3d-6e7f-8a9b0c1d2e3f,11,5,0.3418,green
c9d0e1f2-a3b4-2c3d-6e7f-8a9b0c1d2e3f,12,5,0.3289,green
c9d0e1f2-a3b4-2c3d-6e7f-8a9b0c1d2e3f,13,5,0.2811,green
c9d0e1f2-a3b4-2c3d-6e7f-8a9b0c1d2e3f,14,5,0.1912,green
c9d0e1f2-a3b4-2c3d-6e7f-8a9b0c1d2e3f,15,5,0.1741,green
c9d0e1f2-a3b4-2c3d-6e7f-8a9b0c1d2e3f,16,5,0.1557,green
c9d0e1f2-a3b4-2c3d-6e7f-8a9b0c1d2e3f,17,5,0.1595,green
c9d0e1f2-a3b4-2c3d-6e7f-8a9b0c1d2e3f,18,5,0.2169,green
c9d0e1f2-a3b4-2c3d-6e7f-8a9b0c1d2e3f,19,5,0.1745,green
c9d0e1f2-a3b4-2c3d-6e7f-8a9b0c1d2e3f,20,5,0.1069,green
c9d0e1f2-a3b4-2c3d-6e7f-8a9b0c1d2e3f,21,5,0.1892,green
c9d0e1f2-a3b4-2c3d-6e7f-8a9b0c1d2e3f,22,5,0.0543,green
c9d0e1f2-a3b4-2c3d-6e7f-8a9b0c1d2e3f,23,5,0.1555,green
c9d0e1f2-a3b4-2c3d-6e7f-8a9b0c1d2e3f,0,6,0.1218,green
c9d0e1f2-a3b4-2c3d-6e7f-8a9b0c1d2e3f,1,6,0.1509,green
c9d0e1f2-a3b4-2c3d-6e7f-8a9b0c1d2e3f,2,6,0.1844,green
c9d0e1f2-a3b4-2c3d-6e7f-8a9b0c1d2e3f,3,6,0.1379,green
c9d0e1f2-a3b4-2c3d-6e7f-8a9b0c1d2e3f,4,6,0.238,green
c9d0e1f2-a3b4-2c3d-6e7f-8a9b0c1d2e3f,5,6,0.2294,green
c9d0e1f2-a3b4-2c3d-6e7f-8a9b0c1d2e3f,6,6,0.3862,green
c9d0e1f2-a3b4-2c3d-6e7f-8a9b0c1d2e3f,7,6,0.2859,green
c9d0e1f2-a3b4-2c3d-6e7f-8a9b0c1d2e3f,8,6,0.3953,green
c9d0e1f2-a3b4-2c3d-6e7f-8a9b0c1d2e3f,9,6,0.385,green
c9d0e1f2-a3b4-2c3d-6e7f-8a9b0c1d2e3f,10,6,0.3013,green
c9d0e1f2-a3b4-2c3d-6e7f-8a9b0c1d2e3f,11,6,0.4206,green
c9d0e1f2-a3b4-2c3d-6e7f-8a9b0c1d2e3f,12,6,0.2788,green
c9d0e1f2-a3b4-2c3d-6e7f-8a9b0c1d2e3f,13,6,0.1896,green
c9d0e1f2-a3b4-2c3d-6e7f-8a9b0c1d2e3f,14,6,0.3082,green
c9d0e1f2-a3b4-2c3d-6e7f-8a9b0c1d2e3f,15,6,0.2833,green
c9d0e1f2-a3b4-2c3d-6e7f-8a9b0c1d2e3f,16,6,0.2005,green
c9d0e1f2-a3b4-2c3d-6e7f-8a9b0c1d2e3f,17,6,0.1589,green
c9d0e1f2-a3b4-2c3d-6e7f-8a9b0c1d2e3f,18,6,0.2317,green
c9d0e1f2-a3b4-2c3d-6e7f-8a9b0c1d2e3f,19,6,0.1747,green
c9d0e1f2-a3b4-2c3d-6e7f-8a9b0c1d2e3f,20,6,0.0978,green
c9d0e1f2-a3b4-2c3d-6e7f-8a9b0c1d2e3f,21,6,0.162,green
c9d0e1f2-a3b4-2c3d-6e7f-8a9b0c1d2e3f,22,6,0.0605,green
c9d0e1f2-a3b4-2c3d-6e7f-8a9b0c1d2e3f,23,6,0.0933,green
d0e1f2a3-b4c5-3d4e-7f8a-9b0c1d2e3f4a,0,0,0.2738,green
d0e1f2a3-b4c5-3d4e-7f8a-9b0c1d2e3f4a,1,0,0.2377,green
d0e1f2a3-b4c5-3d4e-7f8a-9b0c1d2e3f4a,2,0,0.3223,green
d0e1f2a3-b4c5-3d4e-7f8a-9b0c1d2e3f4a,3,0,0.4909,green
d0e1f2a3-b4c5-3d4e-7f8a-9b0c1d2e3f4a,4,0,0.4399,green
d0e1f2a3-b4c5-3d4e-7f8a-9b0c1d2e3f4a,5,0,0.5472,green
d0e1f2a3-b4c5-3d4e-7f8a-9b0c1d2e3f4a,6,0,0.6059,yellow
d0e1f2a3-b4c5-3d4e-7f8a-9b0c1d2e3f4a,7,0,0.7962,yellow
d0e1f2a3-b4c5-3d4e-7f8a-9b0c1d2e3f4a,8,0,0.8296,yellow
d0e1f2a3-b4c5-3d4e-7f8a-9b0c1d2e3f4a,9,0,0.9061,red
d0e1f2a3-b4c5-3d4e-7f8a-9b0c1d2e3f4a,10,0,0.8947,red
d0e1f2a3-b4c5-3d4e-7f8a-9b0c1d2e3f4a,11,0,0.823,yellow
d0e1f2a3-b4c5-3d4e-7f8a-9b0c1d2e3f4a,12,0,0.7808,yellow
d0e1f2a3-b4c5-3d4e-7f8a-9b0c1d2e3f4a,13,0,0.7948,yellow
d0e1f2a3-b4c5-3d4e-7f8a-9b0c1d2e3f4a,14,0,0.661,yellow
d0e1f2a3-b4c5-3d4e-7f8a-9b0c1d2e3f4a,15,0,0.6134,yellow
d0e1f2a3-b4c5-3d4e-7f8a-9b0c1d2e3f4a,16,0,0.3367,green
d0e1f2a3-b4c5-3d4e-7f8a-9b0c1d2e3f4a,17,0,0.4853,green
d0e1f2a3-b4c5-3d4e-7f8a-9b0c1d2e3f4a,18,0,0.3565,green
d0e1f2a3-b4c5-3d4e-7f8a-9b0c1d2e3f4a,19,0,0.4564,green
d0e1f2a3-b4c5-3d4e-7f8a-9b0c1d2e3f4a,20,0,0.3008,green
d0e1f2a3-b4c5-3d4e-7f8a-9b0c1d2e3f4a,21,0,0.3151,green
d0e1f2a3-b4c5-3d4e-7f8a-9b0c1d2e3f4a,22,0,0.3397,green
d0e1f2a3-b4c5-3d4e-7f8a-9b0c1d2e3f4a,23,0,0.2593,green
d0e1f2a3-b4c5-3d4e-7f8a-9b0c1d2e3f4a,0,1,0.37,green
d0e1f2a3-b4c5-3d4e-7f8a-9b0c1d2e3f4a,1,1,0.3155,green
d0e1f2a3-b4c5-3d4e-7f8a-9b0c1d2e3f4a,2,1,0.4457,green
d0e1f2a3-b4c5-3d4e-7f8a-9b0c1d2e3f4a,3,1,0.4694,green
d0e1f2a3-b4c5-3d4e-7f8a-9b0c1d2e3f4a,4,1,0.5196,green
d0e1f2a3-b4c5-3d4e-7f8a-9b0c1d2e3f4a,5,1,0.5385,green
d0e1f2a3-b4c5-3d4e-7f8a-9b0c1d2e3f4a,6,1,0.6534,yellow
d0e1f2a3-b4c5-3d4e-7f8a-9b0c1d2e3f4a,7,1,0.7679,yellow
d0e1f2a3-b4c5-3d4e-7f8a-9b0c1d2e3f4a,8,1,0.7278,yellow
d0e1f2a3-b4c5-3d4e-7f8a-9b0c1d2e3f4a,9,1,0.854,red
d0e1f2a3-b4c5-3d4e-7f8a-9b0c1d2e3f4a,10,1,0.9469,red
d0e1f2a3-b4c5-3d4e-7f8a-9b0c1d2e3f4a,11,1,0.8181,yellow
d0e1f2a3-b4c5-3d4e-7f8a-9b0c1d2e3f4a,12,1,0.8934,red
d0e1f2a3-b4c5-3d4e-7f8a-9b0c1d2e3f4a,13,1,0.7215,yellow
d0e1f2a3-b4c5-3d4e-7f8a-9b0c1d2e3f4a,14,1,0.6801,yellow
d0e1f2a3-b4c5-3d4e-7f8a-9b0c1d2e3f4a,15,1,0.5173,green
d0e1f2a3-b4c5-3d4e-7f8a-9b0c1d2e3f4a,16,1,0.519,green
d0e1f2a3-b4c5-3d4e-7f8a-9b0c1d2e3f4a,17,1,0.4529,green
d0e1f2a3-b4c5-3d4e-7f8a-9b0c1d2e3f4a,18,1,0.438,green
d0e1f2a3-b4c5-3d4e-7f8a-9b0c1d2e3f4a,19,1,0.4154,green
d0e1f2a3-b4c5-3d4e-7f8a-9b0c1d2e3f4a,20,1,0.389,green
d0e1f2a3-b4c5-3d4e-7f8a-9b0c1d2e3f4a,21,1,0.3241,green
d0e1f2a3-b4c5-3d4e-7f8a-9b0c1d2e3f4a,22,1,0.2454,green
d0e1f2a3-b4c5-3d4e-7f8a-9b0c1d2e3f4a,23,1,0.3692,green
d0e1f2a3-b4c5-3d4e-7f8a-9b0c1d2e3f4a,0,2,0.2612,green
d0e1f2a3-b4c5-3d4e-7f8a-9b0c1d2e3f4a,1,2,0.3258,green
d0e1f2a3-b4c5-3d4e-7f8a-9b0c1d2e3f4a,2,2,0.4181,green
d0e1f2a3-b4c5-3d4e-7f8a-9b0c1d2e3f4a,3,2,0.4519,green
d0e1f2a3-b4c5-3d4e-7f8a-9b0c1d2e3f4a,4,2,0.5744,green
d0e1f2a3-b4c5-3d4e-7f8a-9b0c1d2e3f4a,5,2,0.5745,green
d0e1f2a3-b4c5-3d4e-7f8a-9b0c1d2e3f4a,6,2,0.5794,green
d0e1f2a3-b4c5-3d4e-7f8a-9b0c1d2e3f4a,7,2,0.7391,yellow
d0e1f2a3-b4c5-3d4e-7f8a-9b0c1d2e3f4a,8,2,0.8382,yellow
d0e1f2a3-b4c5-3d4e-7f8a-9b0c1d2e3f4a,9,2,0.864,red
d0e1f2a3-b4c5-3d4e-7f8a-9b0c1d2e3f4a,10,2,0.9706,red
d0e1f2a3-b4c5-3d4e-7f8a-9b0c1d2e3f4a,11,2,0.8692,red
d0e1f2a3-b4c5-3d4e-7f8a-9b0c1d2e3f4a,12,2,0.7577,yellow
d0e1f2a3-b4c5-3d4e-7f8a-9b0c1d2e3f4a,13,2,0.7762,yellow
d0e1f2a3-b4c5-3d4e-7f8a-9b0c1d2e3f4a,14,2,0.6065,yellow
d0e1f2a3-b4c5-3d4e-7f8a-9b0c1d2e3f4a,15,2,0.6597,yellow
d0e1f2a3-b4c5-3d4e-7f8a-9b0c1d2e3f4a,16,2,0.5083,green
d0e1f2a3-b4c5-3d4e-7f8a-9b0c1d2e3f4a,17,2,0.3596,green
d0e1f2a3-b4c5-3d4e-7f8a-9b0c1d2e3f4a,18,2,0.4352,green
d0e1f2a3-b4c5-3d4e-7f8a-9b0c1d2e3f4a,19,2,0.4662,green
d0e1f2a3-b4c5-3d4e-7f8a-9b0c1d2e3f4a,20,2,0.2262,green
d0e1f2a3-b4c5-3d4e-7f8a-9b0c1d2e3f4a,21,2,0.3588,green
d0e1f2a3-b4c5-3d4e-7f8a-9b0c1d2e3f4a,22,2,0.3309,green
d0e1f2a3-b4c5-3d4e-7f8a-9b0c1d2e3f4a,23,2,0.3118,green
d0e1f2a3-b4c5-3d4e-7f8a-9b0c1d2e3f4a,0,3,0.3435,green
d0e1f2a3-b4c5-3d4e-7f8a-9b0c1d2e3f4a,1,3,0.3723,green
d0e1f2a3-b4c5-3d4e-7f8a-9b0c1d2e3f4a,2,3,0.3466,green
d0e1f2a3-b4c5-3d4e-7f8a-9b0c1d2e3f4a,3,3,0.5003,green
d0e1f2a3-b4c5-3d4e-7f8a-9b0c1d2e3f4a,4,3,0.4273,green
d0e1f2a3-b4c5-3d4e-7f8a-9b0c1d2e3f4a,5,3,0.6726,yellow
d0e1f2a3-b4c5-3d4e-7f8a-9b0c1d2e3f4a,6,3,0.7403,yellow
d0e1f2a3-b4c5-3d4e-7f8a-9b0c1d2e3f4a,7,3,0.6936,yellow
d0e1f2a3-b4c5-3d4e-7f8a-9b0c1d2e3f4a,8,3,0.8292,yellow
d0e1f2a3-b4c5-3d4e-7f8a-9b0c1d2e3f4a,9,3,0.9525,red
d0e1f2a3-b4c5-3d4e-7f8a-9b0c1d2e3f4a,10,3,0.8755,red
d0e1f2a3-b4c5-3d4e-7f8a-9b0c1d2e3f4a,11,3,0.8734,red
d0e1f2a3-b4c5-3d4e-7f8a-9b0c1d2e3f4a,12,3,0.8094,yellow
d0e1f2a3-b4c5-3d4e-7f8a-9b0c1d2e3f4a,13,3,0.8113,yellow
d0e1f2a3-b4c5-3d4e-7f8a-9b0c1d2e3f4a,14,3,0.6335,yellow
d0e1f2a3-b4c5-3d4e-7f8a-9b0c1d2e3f4a,15,3,0.5742,green
d0e1f2a3-b4c5-3d4e-7f8a-9b0c1d2e3f4a,16,3,0.5218,green
d0e1f2a3-b4c5-3d4e-7f8a-9b0c1d2e3f4a,17,3,0.4194,green
d0e1f2a3-b4c5-3d4e-7f8a-9b0c1d2e3f4a,18,3,0.3379,green
d0e1f2a3-b4c5-3d4e-7f8a-9b0c1d2e3f4a,19,3,0.2807,green
d0e1f2a3-b4c5-3d4e-7f8a-9b0c1d2e3f4a,20,3,0.2504,green
d0e1f2a3-b4c5-3d4e-7f8a-9b0c1d2e3f4a,21,3,0.2547,green
d0e1f2a3-b4c5-3d4e-7f8a-9b0c1d2e3f4a,22,3,0.2206,green
d0e1f2a3-b4c5-3d4e-7f8a-9b0c1d2e3f4a,23,3,0.2667,green
d0e1f2a3-b4c5-3d4e-7f8a-9b0c1d2e3f4a,0,4,0.3414,green
d0e1f2a3-b4c5-3d4e-7f8a-9b0c1d2e3f4a,1,4,0.3504,green
d0e1f2a3-b4c5-3d4e-7f8a-9b0c1d2e3f4a,2,4,0.3399,green
d0e1f2a3-b4c5-3d4e-7f8a-9b0c1d2e3f4a,3,4,0.3789,green
d0e1f2a3-b4c5-3d4e-7f8a-9b0c1d2e3f4a,4,4,0.4451,green
d0e1f2a3-b4c5-3d4e-7f8a-9b0c1d2e3f4a,5,4,0.5053,green
d0e1f2a3-b4c5-3d4e-7f8a-9b0c1d2e3f4a,6,4,0.6021,yellow
d0e1f2a3-b4c5-3d4e-7f8a-9b0c1d2e3f4a,7,4,0.7886,yellow
d0e1f2a3-b4c5-3d4e-7f8a-9b0c1d2e3f4a,8,4,0.7593,yellow
d0e1f2a3-b4c5-3d4e-7f8a-9b0c1d2e3f4a,9,4,0.8824,red
d0e1f2a3-b4c5-3d4e-7f8a-9b0c1d2e3f4a,10,4,0.8691,red
d0e1f2a3-b4c5-3d4e-7f8a-9b0c1d2e3f4a,11,4,1.0,red
d0e1f2a3-b4c5-3d4e-7f8a-9b0c1d2e3f4a,12,4,0.7397,yellow
d0e1f2a3-b4c5-3d4e-7f8a-9b0c1d2e3f4a,13,4,0.7626,yellow
d0e1f2a3-b4c5-3d4e-7f8a-9b0c1d2e3f4a,14,4,0.6472,yellow
d0e1f2a3-b4c5-3d4e-7f8a-9b0c1d2e3f4a,15,4,0.5361,green
d0e1f2a3-b4c5-3d4e-7f8a-9b0c1d2e3f4a,16,4,0.5106,green
d0e1f2a3-b4c5-3d4e-7f8a-9b0c1d2e3f4a,17,4,0.4375,green
d0e1f2a3-b4c5-3d4e-7f8a-9b0c1d2e3f4a,18,4,0.3278,green
d0e1f2a3-b4c5-3d4e-7f8a-9b0c1d2e3f4a,19,4,0.369,green
d0e1f2a3-b4c5-3d4e-7f8a-9b0c1d2e3f4a,20,4,0.3458,green
d0e1f2a3-b4c5-3d4e-7f8a-9b0c1d2e3f4a,21,4,0.3791,green
d0e1f2a3-b4c5-3d4e-7f8a-9b0c1d2e3f4a,22,4,0.2762,green
d0e1f2a3-b4c5-3d4e-7f8a-9b0c1d2e3f4a,23,4,0.3766,green
d0e1f2a3-b4c5-3d4e-7f8a-9b0c1d2e3f4a,0,5,0.1207,green
d0e1f2a3-b4c5-3d4e-7f8a-9b0c1d2e3f4a,1,5,0.0403,green
d0e1f2a3-b4c5-3d4e-7f8a-9b0c1d2e3f4a,2,5,0.1786,green
d0e1f2a3-b4c5-3d4e-7f8a-9b0c1d2e3f4a,3,5,0.1678,green
d0e1f2a3-b4c5-3d4e-7f8a-9b0c1d2e3f4a,4,5,0.1538,green
d0e1f2a3-b4c5-3d4e-7f8a-9b0c1d2e3f4a,5,5,0.2765,green
d0e1f2a3-b4c5-3d4e-7f8a-9b0c1d2e3f4a,6,5,0.242,green
d0e1f2a3-b4c5-3d4e-7f8a-9b0c1d2e3f4a,7,5,0.352,green
d0e1f2a3-b4c5-3d4e-7f8a-9b0c1d2e3f4a,8,5,0.3277,green
d0e1f2a3-b4c5-3d4e-7f8a-9b0c1d2e3f4a,9,5,0.3901,green
d0e1f2a3-b4c5-3d4e-7f8a-9b0c1d2e3f4a,10,5,0.394,green
d0e1f2a3-b4c5-3d4e-7f8a-9b0c1d2e3f4a,11,5,0.3763,green
d0e1f2a3-b4c5-3d4e-7f8a-9b0c1d2e3f4a,12,5,0.2802,green
d0e1f2a3-b4c5-3d4e-7f8a-9b0c1d2e3f4a,13,5,0.3471,green
d0e1f2a3-b4c5-3d4e-7f8a-9b0c1d2e3f4a,14,5,0.2667,green
d0e1f2a3-b4c5-3d4e-7f8a-9b0c1d2e3f4a,15,5,0.33,green
d0e1f2a3-b4c5-3d4e-7f8a-9b0c1d2e3f4a,16,5,0.2219,green
d0e1f2a3-b4c5-3d4e-7f8a-9b0c1d2e3f4a,17,5,0.2095,green
d0e1f2a3-b4c5-3d4e-7f8a-9b0c1d2e3f4a,18,5,0.1142,green
d0e1f2a3-b4c5-3d4e-7f8a-9b0c1d2e3f4a,19,5,0.1188,green
d0e1f2a3-b4c5-3d4e-7f8a-9b0c1d2e3f4a,20,5,0.1354,green
d0e1f2a3-b4c5-3d4e-7f8a-9b0c1d2e3f4a,21,5,0.0669,green
d0e1f2a3-b4c5-3d4e-7f8a-9b0c1d2e3f4a,22,5,0.0642,green
d0e1f2a3-b4c5-3d4e-7f8a-9b0c1d2e3f4a,23,5,0.1158,green
d0e1f2a3-b4c5-3d4e-7f8a-9b0c1d2e3f4a,0,6,0.1267,green
d0e1f2a3-b4c5-3d4e-7f8a-9b0c1d2e3f4a,1,6,0.1492,green
d0e1f2a3-b4c5-3d4e-7f8a-9b0c1d2e3f4a,2,6,0.2083,green
d0e1f2a3-b4c5-3d4e-7f8a-9b0c1d2e3f4a,3,6,0.1519,green
d0e1f2a3-b4c5-3d4e-7f8a-9b0c1d2e3f4a,4,6,0.232,green
d0e1f2a3-b4c5-3d4e-7f8a-9b0c1d2e3f4a,5,6,0.2226,green
d0e1f2a3-b4c5-3d4e-7f8a-9b0c1d2e3f4a,6,6,0.2559,green
d0e1f2a3-b4c5-3d4e-7f8a-9b0c1d2e3f4a,7,6,0.314,green
d0e1f2a3-b4c5-3d4e-7f8a-9b0c1d2e3f4a,8,6,0.2284,green
d0e1f2a3-b4c5-3d4e-7f8a-9b0c1d2e3f4a,9,6,0.3559,green
d0e1f2a3-b4c5-3d4e-7f8a-9b0c1d2e3f4a,10,6,0.3281,green
d0e1f2a3-b4c5-3d4e-7f8a-9b0c1d2e3f4a,11,6,0.3061,green
d0e1f2a3-b4c5-3d4e-7f8a-9b0c1d2e3f4a,12,6,0.2374,green
d0e1f2a3-b4c5-3d4e-7f8a-9b0c1d2e3f4a,13,6,0.279,green
d0e1f2a3-b4c5-3d4e-7f8a-9b0c1d2e3f4a,14,6,0.1717,green
d0e1f2a3-b4c5-3d4e-7f8a-9b0c1d2e3f4a,15,6,0.2734,green
d0e1f2a3-b4c5-3d4e-7f8a-9b0c1d2e3f4a,16,6,0.186,green
d0e1f2a3-b4c5-3d4e-7f8a-9b0c1d2e3f4a,17,6,0.0878,green
d0e1f2a3-b4c5-3d4e-7f8a-9b0c1d2e3f4a,18,6,0.1188,green
d0e1f2a3-b4c5-3d4e-7f8a-9b0c1d2e3f4a,19,6,0.1768,green
d0e1f2a3-b4c5-3d4e-7f8a-9b0c1d2e3f4a,20,6,0.1008,green
d0e1f2a3-b4c5-3d4e-7f8a-9b0c1d2e3f4a,21,6,0.1114,green
d0e1f2a3-b4c5-3d4e-7f8a-9b0c1d2e3f4a,22,6,0.1042,green
d0e1f2a3-b4c5-3d4e-7f8a-9b0c1d2e3f4a,23,6,0.1148,green
